,site_name,url,title,type,description,price:amount,price:currency,image,image:secure_url,availability,kit
0,Dangkeebs,https://dangkeebs.com/products/dk-creamery-cookies-n-cream,[Pre-Order] DK Creamery - Cookies n' Cream,product,"DK Creamery's Cookies n' Cream Switches were crafted with your satisfaction in mind. We used our industry experience to source only the best molds, and ingredients for this special treat. These switches feature new specialty molds, and a medium tactility round tactile bump which extends most of the keypress. Coupled wi",4.10,USD,http://cdn.shopify.com/s/files/1/0064/2560/8282/products/cookies-and-cream-in-spoon_1200x1200.png?v=1673592160,https://cdn.shopify.com/s/files/1/0064/2560/8282/products/cookies-and-cream-in-spoon_1200x1200.png?v=1673592160,Add to cart,Default Title
1,Dangkeebs,https://dangkeebs.com/products/banana-milk-linear,[Pre-Order] Banana Milk - Linear,product,"Banana Milk Linears are inspired by another creamy childhood treat made by infusing banana into milk. Similar to their inspiration, the switches are sure to provide creamy acoustics with minimal modifications. They're also intended to be a V2 to our beloved Blue Velvet Switches from 2021. Several improvements have been",6.20,USD,http://cdn.shopify.com/s/files/1/0064/2560/8282/products/IMG_2730_2_1200x1200.jpg?v=1667370889,https://cdn.shopify.com/s/files/1/0064/2560/8282/products/IMG_2730_2_1200x1200.jpg?v=1667370889,Add to cart,Default Title
2,Dangkeebs,https://dangkeebs.com/products/banana-milk-tactile,Banana Milk - Tactile,product,"Banana Milk Tactiles are a medium tactile inspired by another creamy childhood treat made by infusing banana into milk. Similar to their inspiration, the switches are sure to provide creamy acoustics with minimal modifications.They're also intended to be a V2 to our beloved Blue Velvet Switches from 2021. Several impro",6.80,USD,http://cdn.shopify.com/s/files/1/0064/2560/8282/products/IMG_2730_2_545ae3c6-ae7a-4cc0-a596-5e3352038213_1200x1200.jpg?v=1675492987,https://cdn.shopify.com/s/files/1/0064/2560/8282/products/IMG_2730_2_545ae3c6-ae7a-4cc0-a596-5e3352038213_1200x1200.jpg?v=1675492987,Add to cart,Default Title
3,Dangkeebs,https://dangkeebs.com/products/strawberry-milk-ice-linear,Strawberry Milk Ice - Linear,product,"Strawberry Milk Ice are the sequel to our beloved Strawberry Milk Switches. Inspired by the countless iced drinks we've had this summer - these switches feature a fully transperant housing composed of a new formula developed in collaboration with Tecsee called Ultra Clear (UC) Nylon, and a matching collectible milk bot",7.00,USD,http://cdn.shopify.com/s/files/1/0064/2560/8282/products/IMG_2507_Final_1200x1200.jpg?v=1662709430,https://cdn.shopify.com/s/files/1/0064/2560/8282/products/IMG_2507_Final_1200x1200.jpg?v=1662709430,Add to cart,Default Title
4,Dangkeebs,https://dangkeebs.com/products/strawberry-milk-ice-tactile,Strawberry Milk Ice - Tactile,product,"Strawberry Milk Ice are the sequel to our beloved Strawberry Milk Switches. Inspired by the countless iced drinks we've had this summer - these switches feature a fully transperant housing composed of a new formula developed in collaboration with Tecsee called Ultra Clear (UC) Nylon, and a matching collectible milk bot",7.00,USD,http://cdn.shopify.com/s/files/1/0064/2560/8282/products/IMG_2507_Final_0b7a3b35-d00a-4d81-a033-00f3625f837d_1200x1200.jpg?v=1662709597,https://cdn.shopify.com/s/files/1/0064/2560/8282/products/IMG_2507_Final_0b7a3b35-d00a-4d81-a033-00f3625f837d_1200x1200.jpg?v=1662709597,Add to cart,Default Title
5,Dangkeebs,https://dangkeebs.com/products/s1-peaches,S1 V2 - Peaches,product,"S1 V2 - Peaches marks KTECHS's first foray into custom mechanical switches. S1 V2 was created with the intention of pushing a clean, balanced, and pleasant sounding switch into the market coupled with elements of modern-day switch preferences. The HPE top housing prevents a sharp top-out while a proprietary blended bot",6.50,USD,http://cdn.shopify.com/s/files/1/0064/2560/8282/products/DSC02576-2_1200x1200.jpg?v=1664690191,https://cdn.shopify.com/s/files/1/0064/2560/8282/products/DSC02576-2_1200x1200.jpg?v=1664690191,Add to cart,Default Title
6,Dangkeebs,https://dangkeebs.com/products/s2-snow,S2 V2 - Snow,product,"S2 - Snow marks Ktech's 1st pitch swing at tactile switches, just in time for the Christmas season.   S2 aims to sit in its very own place in the tactile market with a sharper tactile bump and with a 13.9mm stem compared to other market offerings, designed for prolonged usage to be a comfortable tactile to daily withou",6.50,USD,http://cdn.shopify.com/s/files/1/0064/2560/8282/products/S2-Snow-3_1200x1200.jpg?v=1669266944,https://cdn.shopify.com/s/files/1/0064/2560/8282/products/S2-Snow-3_1200x1200.jpg?v=1669266944,Add to cart,Default Title
7,Dangkeebs,https://dangkeebs.com/products/lila-switch,Lila Switch,product,Switches are sold in packs of 10.Quantity 1 = 10 switches.Specifications: Linear Top Housing: Nylon Bottom Housing: Nylon Blend Stem: LY Blend  67g bottom-out force  Extended spring 3.7mm travel / 2.0m actuation 5 Pin (PCB mount) UN-lubed from factory Manufactured by JWK Designed by Aregs Keyboard    Sound test:    Int,7.30,USD,http://cdn.shopify.com/s/files/1/0064/2560/8282/products/L12_QMD4_KB6ZCAKUN__0_1200x1200.jpg?v=1672611305,https://cdn.shopify.com/s/files/1/0064/2560/8282/products/L12_QMD4_KB6ZCAKUN__0_1200x1200.jpg?v=1672611305,Add to cart,Default Title
8,Dangkeebs,https://dangkeebs.com/products/viola-tricolor,Viola Tricolor,product,"Inspired by flowers, Viola Tricolors from Moyu Studio are an absolute beauty!Manufactured by Haimu, the Viola Tricolor Tactile has a lilac bottom with transparent PC top housing to better support RGB. 63.5g double-staged gold plated springs give the switch a very snappy, but light and comfortable typing experience.    ",6.60,USD,http://cdn.shopify.com/s/files/1/0064/2560/8282/products/2_ab285d8e-24b0-436f-b3ff-59f329ff5b7c_1200x1200.webp?v=1672613313,https://cdn.shopify.com/s/files/1/0064/2560/8282/products/2_ab285d8e-24b0-436f-b3ff-59f329ff5b7c_1200x1200.webp?v=1672613313,Add to cart,Default Title
9,Dangkeebs,https://dangkeebs.com/products/blue-sky-linear,Blue Sky - Linear,product,"Blue Sky Switches feature a HPE housing, and POM stem. HPE is an updated UHMWPE blend designed to reduce the malleability of pure UHMWPE. This ensures the switches can withstand the wears of normal use while retaining other benefits of UHMWPE such as lower coefficient of friction (when compared to POM), self lubricatio",6.80,USD,http://cdn.shopify.com/s/files/1/0064/2560/8282/products/BlueSkyLinear_1200x1200.jpg?v=1666162444,https://cdn.shopify.com/s/files/1/0064/2560/8282/products/BlueSkyLinear_1200x1200.jpg?v=1666162444,Add to cart,Default Title
10,Dangkeebs,https://dangkeebs.com/products/blue-sky-tactile,Blue Sky - Tactile,product,"Blue Sky Switches feature a HPE housing, and POM stem. HPE is an updated UHMWPE blend designed to reduce the malleability of pure UHMWPE. This ensures the switches can withstand the wears of normal use while retaining other benefits of UHMWPE such as lower coefficient of friction (when compared to POM), self lubricatio",6.80,USD,http://cdn.shopify.com/s/files/1/0064/2560/8282/products/BlueSkyTactile-2_1200x1200.jpg?v=1666163149,https://cdn.shopify.com/s/files/1/0064/2560/8282/products/BlueSkyTactile-2_1200x1200.jpg?v=1666163149,Add to cart,Default Title
11,Dangkeebs,https://dangkeebs.com/products/wuque-studio-aurora-blue,Wuque Studio Aurora - Blue,product,"Wuque Studio Aurora Switches were originally made to complement the Ikki68 Aurora R2. The Fog/Pink/Blue variants feature the classic combination of polycarbonate top housing, nylon bottom housing, and POM stem. The Clear variant features the same top housing and stem, but an UHMWPE bottom housing.    Switches are sold ",5.00,USD,http://cdn.shopify.com/s/files/1/0064/2560/8282/products/AuroraBlueSwitchCover_1200x1200.jpg?v=1666165393,https://cdn.shopify.com/s/files/1/0064/2560/8282/products/AuroraBlueSwitchCover_1200x1200.jpg?v=1666165393,Add to cart,Default Title
12,Dangkeebs,https://dangkeebs.com/products/wuque-studio-aurora-pink,Wuque Studio Aurora - Pink,product,"Wuque Studio Aurora Switches were originally made to complement the Ikki68 Aurora R2. The Fog/Pink/Blue variants feature the classic combination of polycarbonate top housing, nylon bottom housing, and POM stem. The Clear variant features the same top housing and stem, but an UHMWPE bottom housing.    Switches are sold ",5.00,USD,http://cdn.shopify.com/s/files/1/0064/2560/8282/products/AuroraPinkSwitchCover_1200x1200.jpg?v=1666165462,https://cdn.shopify.com/s/files/1/0064/2560/8282/products/AuroraPinkSwitchCover_1200x1200.jpg?v=1666165462,Add to cart,Default Title
13,Dangkeebs,https://dangkeebs.com/products/wuque-studio-aurora-fog,Wuque Studio Aurora - Fog,product,"Wuque Studio Aurora Switches were originally made to complement the Ikki68 Aurora R2. The Fog/Pink/Blue variants feature the classic combination of polycarbonate top housing, nylon bottom housing, and POM stem. The Clear variant features the same top housing and stem, but an UHMWPE bottom housing.    Switches are sold ",5.00,USD,http://cdn.shopify.com/s/files/1/0064/2560/8282/products/AuroraFogSwitchCover_1200x1200.jpg?v=1666165442,https://cdn.shopify.com/s/files/1/0064/2560/8282/products/AuroraFogSwitchCover_1200x1200.jpg?v=1666165442,Add to cart,Default Title
14,Dangkeebs,https://dangkeebs.com/products/wuque-studio-aurora-clear,Wuque Studio Aurora - Clear,product,"Wuque Studio Aurora Switches were originally made to complement the Ikki68 Aurora R2. The Fog/Pink/Blue variants feature the classic combination of polycarbonate top housing, nylon bottom housing, and POM stem. The Clear variant features the same top housing and stem, but an UHMWPE bottom housing.    Switches are sold ",5.00,USD,http://cdn.shopify.com/s/files/1/0064/2560/8282/products/AuroraClearSwitchCover_1200x1200.jpg?v=1666165410,https://cdn.shopify.com/s/files/1/0064/2560/8282/products/AuroraClearSwitchCover_1200x1200.jpg?v=1666165410,Add to cart,Default Title
15,Dangkeebs,https://dangkeebs.com/products/gateron-ks-9-pro-2-0-brown,Gateron KS-9 Pro 2.0 - Brown,product,Gateron KS-9 Pro 2.0 - Brown are the most recent update to Gateron's popular brown switches. They feature improved molds with better tolerances and smoothness. The top housing is now clear with a light guide dome to assist with RGB diffusion. The switches are lightly pre-lubed from factory for a solid experience withou,2.30,USD,http://cdn.shopify.com/s/files/1/0064/2560/8282/products/IMG_3048Cover_1200x1200.jpg?v=1673500083,https://cdn.shopify.com/s/files/1/0064/2560/8282/products/IMG_3048Cover_1200x1200.jpg?v=1673500083,Add to cart,Default Title
16,Dangkeebs,https://dangkeebs.com/products/gateron-ks-9-pro-2-0-yellow,Gateron KS-9 Pro 2.0 - Yellow,product,Gateron KS-9 Pro 2.0 - Yellow are the most recent update to Gateron's popular yellow switches. They feature improved molds with better tolerances and smoothness. The top housing is now clear with a light guide dome to assist with RGB diffusion. The switches are lightly pre-lubed from factory for a solid experience with,2.30,USD,http://cdn.shopify.com/s/files/1/0064/2560/8282/products/IMG_2613_1200x1200.jpg?v=1664691503,https://cdn.shopify.com/s/files/1/0064/2560/8282/products/IMG_2613_1200x1200.jpg?v=1664691503,Add to cart,Default Title
17,Dangkeebs,https://dangkeebs.com/products/gateron-ks-9-pro-2-0-black,Gateron KS-9 Pro 2.0 - Black,product,Gateron KS-9 Pro 2.0 - Black are the most recent update to Gateron's popular black switches. They feature improved molds with better tolerances and smoothness. The top housing is now clear with a light guide dome to assist with RGB diffusion. The switches are lightly pre-lubed from factory for a solid experience withou,2.30,USD,http://cdn.shopify.com/s/files/1/0064/2560/8282/products/IMG_2994-2_1200x1200.jpg?v=1672611816,https://cdn.shopify.com/s/files/1/0064/2560/8282/products/IMG_2994-2_1200x1200.jpg?v=1672611816,Add to cart,Default Title
18,Dangkeebs,https://dangkeebs.com/products/builtbynim-bbn-tactile-switch,BuiltByNim (BBN) Tactile Switch,product,BuiltByNim Tactile Switches are specifically designed and manufactured to incorporate a unique sound profile and feel.   Switches are sold in packs of 10. Quantity 1 = 10 switches.  Specifications: Tactile Stem: Polyoxymethylene (POM) lengthened stem Top Housing: Custom nylon blend BBN top housing Bottom Housing: Polyc,7.50,USD,http://cdn.shopify.com/s/files/1/0064/2560/8282/products/BBN_Tactile_Row_1200x1200.png?v=1663388135,https://cdn.shopify.com/s/files/1/0064/2560/8282/products/BBN_Tactile_Row_1200x1200.png?v=1663388135,Add to cart,Default Title
19,Dangkeebs,https://dangkeebs.com/products/sp-star-meteor-orange,SP-Star Meteor Orange,product,"SP-Star Meteor Orange is a light tactile from SP-Star inspired by the gray fusion crust on meteorites resulting from their high velocity decent into our atmosphere. These switches are as exciting as their inspiration. They feature a nylon housing, gold plated spring, and POM stem. They're lightly pre-lubed and ready to",5.50,USD,http://cdn.shopify.com/s/files/1/0064/2560/8282/products/IMG_2546_1200x1200.jpg?v=1663129403,https://cdn.shopify.com/s/files/1/0064/2560/8282/products/IMG_2546_1200x1200.jpg?v=1663129403,Add to cart,Default Title
20,Dangkeebs,https://dangkeebs.com/products/sp-star-meteor-purple,SP-Star Meteor Purple,product,"SP-Star Meteor Purple is a medium tactile from SP-Star inspired by the gray fusion crust on meteorites resulting from their high velocity decent into our atmosphere. These switches are as exciting as their inspiration. They feature a nylon housing, gold plated spring, and POM stem. They're lightly pre-lubed and ready t",5.50,USD,http://cdn.shopify.com/s/files/1/0064/2560/8282/products/IMG_2544_1200x1200.jpg?v=1663129885,https://cdn.shopify.com/s/files/1/0064/2560/8282/products/IMG_2544_1200x1200.jpg?v=1663129885,Sold out,Default Title  - Sold out
21,Dangkeebs,https://dangkeebs.com/products/sp-star-meteor-gray,SP-Star Meteor Gray,product,"SP-Star Meteor Grays are a linear from SP-Star inspired by the gray fusion crust on meteorites resulting from their high velocity decent into our atmosphere. These switches are as exciting as their inspiration. They feature a nylon housing, gold plated spring, and POM stem. They're lightly pre-lubed and ready to go as ",5.70,USD,http://cdn.shopify.com/s/files/1/0064/2560/8282/products/IMG_2540_2_1200x1200.jpg?v=1663130195,https://cdn.shopify.com/s/files/1/0064/2560/8282/products/IMG_2540_2_1200x1200.jpg?v=1663130195,Add to cart,Default Title
22,Dangkeebs,https://dangkeebs.com/products/sp-star-meteor-white,SP-Star Meteor White,product,"SP-Star Meteor Whites are a linear from SP-Star inspired by the gray fusion crust on meteorites resulting from their high velocity decent into our atmosphere. These switches are as exciting as their inspiration. They feature a nylon housing, gold plated spring, and POM stem. They're lightly pre-lubed and ready to go as",5.70,USD,http://cdn.shopify.com/s/files/1/0064/2560/8282/products/IMG_1463_1200x1200.jpg?v=1646588237,https://cdn.shopify.com/s/files/1/0064/2560/8282/products/IMG_1463_1200x1200.jpg?v=1646588237,Sold out,Default Title  - Sold out
23,Dangkeebs,https://dangkeebs.com/products/mamba,Mamba,product,"Mamba Switches pay tribute to a legend. They're constructed with the extremely smooth molds the community is familiar with from JWK. They feature an extended long pole stem made of LY for exceptionally satisfying bottom-out feel and acoustics. This is coupled with an improved factory lubing technique, making them argua",6.50,USD,http://cdn.shopify.com/s/files/1/0064/2560/8282/products/IMG_2389_1200x1200.jpg?v=1662434981,https://cdn.shopify.com/s/files/1/0064/2560/8282/products/IMG_2389_1200x1200.jpg?v=1662434981,Add to cart,Default Title
24,Dangkeebs,https://dangkeebs.com/products/splash-brothers,Splash Brothers,product,"Splash Brothers are inspired by a dynamic duo. They feature an incredibly short actuation distance of 1.0mm, and a carefully applied thin coat of factory lube. These features allow them to be exceptionally quick, and smooth. When milliseconds count, these switches will prevail.    Switches are sold in packs of 10. Quan",2.50,USD,http://cdn.shopify.com/s/files/1/0064/2560/8282/products/IMG_2381_1200x1200.jpg?v=1662436747,https://cdn.shopify.com/s/files/1/0064/2560/8282/products/IMG_2381_1200x1200.jpg?v=1662436747,Sold out,Default Title  - Sold out
25,Dangkeebs,https://dangkeebs.com/products/jwick-semi-silent,Jwick Semi-Silent,product,Jwick Semi-Silents offer a unique sound signature via silicone dampeners on the top of the stem rails. This provides a full bottom-out sound and a muted top-out sound.    Switches are sold in packs of 10. Quantity 1 = 10 switches.  Specifications: Silent Linear Stem: POM  Top Housing: Polycarbonate Bottom Housing: Nylo,6.50,USD,http://cdn.shopify.com/s/files/1/0064/2560/8282/products/Sdc7caaaafa624b9db1fe9054bdb90bfbb_1200x1200.jpg?v=1662860516,https://cdn.shopify.com/s/files/1/0064/2560/8282/products/Sdc7caaaafa624b9db1fe9054bdb90bfbb_1200x1200.jpg?v=1662860516,Sold out,Default Title  - Sold out
26,Dangkeebs,https://dangkeebs.com/products/jwick-taro,Jwick Taro,product,"Jwick Taros feature T1 tactility in a creamy colorway inspired by a tropical plant. They utilize new molds to minimize housing and stem wobble, and a dustproof stem to extend longevity.    Switches are sold in packs of 10. Quantity 1 = 10 switches.  Specifications: Tactile Stem: POM  Top Housing: Polycarbonate Bottom H",5.50,USD,http://cdn.shopify.com/s/files/1/0064/2560/8282/products/S30a0682b100044d9b924c4affc992fe4u_1200x1200.jpg?v=1662860505,https://cdn.shopify.com/s/files/1/0064/2560/8282/products/S30a0682b100044d9b924c4affc992fe4u_1200x1200.jpg?v=1662860505,Add to cart,Default Title
27,Dangkeebs,https://dangkeebs.com/products/jwick-ginger-milk,Jwick Ginger Milk,product,"Jwick Ginger Milks are inspired by the gentle colors of ginger milk. They utilize new molds to minimize housing and stem wobble, and a dustproof stem to extend longevity.    Switches are sold in packs of 10. Quantity 1 = 10 switches.  Specifications: Linear Stem: POM  Top Housing: Polycarbonate Bottom Housing: Nylon Sp",5.50,USD,http://cdn.shopify.com/s/files/1/0064/2560/8282/products/IMG_2538_1200x1200.jpg?v=1662861649,https://cdn.shopify.com/s/files/1/0064/2560/8282/products/IMG_2538_1200x1200.jpg?v=1662861649,Add to cart,Default Title
28,Dangkeebs,https://dangkeebs.com/products/jwick-full-nylon-black,Jwick Full Nylon Black,product,"Jwick Full Nylon Black are part of JWK's budget line of switches. These switches offer JWK quality at an affordable price and feature a full PA66 housing, and POM stem. They're also lightly pre-lubed and ready to go!   Switches are sold in packs of 10. Quantity 1 = 10 switches.  Specifications: Linear Stem: POM  Top Ho",2.30,USD,http://cdn.shopify.com/s/files/1/0064/2560/8282/products/IMG_2411_1200x1200.jpg?v=1662439392,https://cdn.shopify.com/s/files/1/0064/2560/8282/products/IMG_2411_1200x1200.jpg?v=1662439392,Sold out,Default Title  - Sold out
29,Dangkeebs,https://dangkeebs.com/products/blush-linear,Blush Linear,product,"From the designer:  Background:Sick of thin, cheap sounding and feeling switches, I wanted to provide something different to a lot of the newer linears on the market, specifically those manufactured by Durock/JWK. With this in mind, I had two primary goals with this switch - to provide full and even housing collisions ",6.00,USD,http://cdn.shopify.com/s/files/1/0064/2560/8282/products/XcStas3_1200x1200.jpg?v=1662428673,https://cdn.shopify.com/s/files/1/0064/2560/8282/products/XcStas3_1200x1200.jpg?v=1662428673,Sold out,Default Title  - Sold out
30,Dangkeebs,https://dangkeebs.com/products/strawberry-milk-linear,Strawberry Milk - Linear,product,"Strawberry Milk Linears were inspired by one of our favorite childhood treats. These switches feature their own collectible milk bottle packaging, and the newest linear mold from Tecsee incorporating all improvements from past revisions. The switches are smoother, the tolerances are tighter, and ping has been improved.",6.80,USD,http://cdn.shopify.com/s/files/1/0064/2560/8282/products/StrawberryMilkCover_1200x1200.jpg?v=1640054086,https://cdn.shopify.com/s/files/1/0064/2560/8282/products/StrawberryMilkCover_1200x1200.jpg?v=1640054086,Add to cart,Milk (White Housing)
31,Dangkeebs,https://dangkeebs.com/products/strawberry-milk-tactile,[Pre-Order] Strawberry Milk - Tactile,product,"Strawberry Milk Tactiles were inspired by one of our favorite childhood treats. They feature their own collectible milk bottle packaging, and a new medium-high tactile mold from Tecsee. The tactile event starts with minimal pre-travel, continues with a sharp tactile bump, and ends with the distinct sound signature of a",6.20,USD,http://cdn.shopify.com/s/files/1/0064/2560/8282/products/StrawberryMilkCover_d41e9bc2-1026-45b8-bbc4-dd5c3aa85c35_1200x1200.jpg?v=1640054117,https://cdn.shopify.com/s/files/1/0064/2560/8282/products/StrawberryMilkCover_d41e9bc2-1026-45b8-bbc4-dd5c3aa85c35_1200x1200.jpg?v=1640054117,Add to cart,Strawberry (Pink Housing)
32,Dangkeebs,https://dangkeebs.com/products/lychee-uhmwpe-linear,Lychee UHMWPE - Linear,product,"Lychee UHMWPE Linear switches are inspired by lychee fruits and feature an UHMWPE stem and full nylon housing. UHMWPE is a unique material with a lower coefficient of friction than POM. It's a softer material that's self-lubricating, and highly resistant to abrasion. These distinct properties result in a smooth typing ",6.50,USD,http://cdn.shopify.com/s/files/1/0064/2560/8282/products/LycheeSwitchCoverPhoto_1200x1200.jpg?v=1626056800,https://cdn.shopify.com/s/files/1/0064/2560/8282/products/LycheeSwitchCoverPhoto_1200x1200.jpg?v=1626056800,Sold out,Default Title  - Sold out
33,Dangkeebs,https://dangkeebs.com/products/lychee-uhmwpe-tactile,Lychee UHMWPE - Tactile,product,"Lychee UHMWPE Tactile switches are inspired by lychee fruits and feature an UHMWPE stem and full nylon housing. UHMWPE is a unique material with a lower coefficient of friction than POM. It's a softer material that's self-lubricating, and highly resistant to abrasion. These distinct properties result in a smooth typing",6.50,USD,http://cdn.shopify.com/s/files/1/0064/2560/8282/products/Tecsee-Lychee_1200x1200.png?v=1644186925,https://cdn.shopify.com/s/files/1/0064/2560/8282/products/Tecsee-Lychee_1200x1200.png?v=1644186925,Sold out,Default Title  - Sold out
34,Dangkeebs,https://dangkeebs.com/products/blue-velvet-pme-linear,Blue Velvet PME - Linear,product,Blue Velvet PME Linear switches are inspired by blue velvet cakes and feature a proprietary plastic blend from Tecsee called PME. This material is used for both the top and bottom housing and provides for a slightly deeper sound signature than other traditional plastic blends. The switches also utilize a long pole stem,4.70,USD,http://cdn.shopify.com/s/files/1/0064/2560/8282/products/bluevelvetswitches_Final_1200x1200.png?v=1648856205,https://cdn.shopify.com/s/files/1/0064/2560/8282/products/bluevelvetswitches_Final_1200x1200.png?v=1648856205,Sold out,Default Title  - Sold out
35,Dangkeebs,https://dangkeebs.com/products/blue-velvet-tactile,Blue Velvet PME - Tactile,product,Blue Velvet PME Tactiles are a moderate tactile switch inspired by blue velvet cakes and feature a proprietary plastic blend from Tecsee called PME. This material is used for both the top and bottom housing and provides for a slightly deeper sound signature than other traditional plastic blends. The switches also utili,4.70,USD,http://cdn.shopify.com/s/files/1/0064/2560/8282/products/bluevelvetswitches_Final_56071e4c-aa89-4787-b89b-8d595b3956cf_1200x1200.png?v=1617155223,https://cdn.shopify.com/s/files/1/0064/2560/8282/products/bluevelvetswitches_Final_56071e4c-aa89-4787-b89b-8d595b3956cf_1200x1200.png?v=1617155223,Sold out,Default Title  - Sold out
36,Dangkeebs,https://dangkeebs.com/products/ktt-haluhalo,KTT HaluHalo,product,"KTT HaluHalo Switches combine our love for the Filipino dessert halo halo, and pastel tones. The switches feature a pastel purple housing, and various pastel stems to resemble the numerous toppings in halo halo. They will be a sweet addition to any set-up! Switches are sold in packs of 10.Quantity 1 = 10 switches. Spec",3.00,USD,http://cdn.shopify.com/s/files/1/0064/2560/8282/products/IMG_1062-3_1200x1200.jpg?v=1638220051,https://cdn.shopify.com/s/files/1/0064/2560/8282/products/IMG_1062-3_1200x1200.jpg?v=1638220051,Add to cart,Default Title
37,Dangkeebs,https://dangkeebs.com/products/ktt-monochrome-onyx,KTT Monochrome - Onyx,product,"KTT Monochrome is a DK exclusive collection in collaboration with KTT in celebration of our long-standing partnership. The goal of this collection is to highlight underrated gems within KTT’s arsenal of switches. This collection utilizes a variety of uncommon molds, popular molds, and custom molds to provide you with a",4.60,USD,http://cdn.shopify.com/s/files/1/0064/2560/8282/products/IMG_0768_1200x1200.jpg?v=1645310959,https://cdn.shopify.com/s/files/1/0064/2560/8282/products/IMG_0768_1200x1200.jpg?v=1645310959,Add to cart,Default Title
38,Dangkeebs,https://dangkeebs.com/products/ktt-monochrome-marble,KTT Monochrome - Marble,product,"Coming soon! Estimated to arrive Q2 2023   KTT Monochrome is a DK exclusive collection in collaboration with KTT in celebration of our long-standing partnership. The goal of this collection is to highlight underrated gems within KTT’s arsenal of switches. This collection utilizes a variety of uncommon molds, and custom",4.60,USD,http://cdn.shopify.com/s/files/1/0064/2560/8282/products/KTTMonochromeBoxes_d480af6d-bab9-471e-b16b-40a314b81a32_1200x1200.jpg?v=1643514059,https://cdn.shopify.com/s/files/1/0064/2560/8282/products/KTTMonochromeBoxes_d480af6d-bab9-471e-b16b-40a314b81a32_1200x1200.jpg?v=1643514059,Sold out,Default Title  - Sold out
39,Dangkeebs,https://dangkeebs.com/products/ktt-monochrome-chalk,KTT Monochrome - Chalk,product,"KTT Monochrome is a DK exclusive collection in collaboration with KTT in celebration of our long-standing partnership. The goal of this collection is to highlight underrated gems within KTT’s arsenal of switches. This collection utilizes a variety of uncommon molds, popular molds, and custom molds to provide you with a",3.30,USD,http://cdn.shopify.com/s/files/1/0064/2560/8282/products/KTTMonochromeBoxes_3a5530ca-b5a6-4676-9475-8eceea6fb601_1200x1200.jpg?v=1643514072,https://cdn.shopify.com/s/files/1/0064/2560/8282/products/KTTMonochromeBoxes_3a5530ca-b5a6-4676-9475-8eceea6fb601_1200x1200.jpg?v=1643514072,Add to cart,Default Title
40,Dangkeebs,https://dangkeebs.com/products/ktt-kang-white,KTT Kang White V3,product,"KTT Kang White V3's are a new creation from KTT featuring updated molds to improve smoothness, wobble, and sound. Similar to their previous switches, these switches are sure to provide a buttery smooth typing experience at an affordable price.    Switches are sold in packs of 10. Quantity 1 = 10 switches.  Specificatio",2.70,USD,http://cdn.shopify.com/s/files/1/0064/2560/8282/products/IMG_0996-6_1200x1200.jpg?v=1622348470,https://cdn.shopify.com/s/files/1/0064/2560/8282/products/IMG_0996-6_1200x1200.jpg?v=1622348470,Add to cart,Default Title
41,Dangkeebs,https://dangkeebs.com/products/ktt-rose-1,KTT Rose,product,"KTT Roses feature a progressive spring and chic Rose Pink housing. Made with a brand new mold, these switches are sure to provide a buttery smooth typing experience at an affordable price.  Switches are sold in packs of 10. Quantity 1 = 10 switches.  Specifications: Linear Top Housing: Polycarbonate Bottom Housing: Nyl",2.70,USD,http://cdn.shopify.com/s/files/1/0064/2560/8282/products/IMG_9586-2_1200x1200.jpg?v=1623291448,https://cdn.shopify.com/s/files/1/0064/2560/8282/products/IMG_9586-2_1200x1200.jpg?v=1623291448,Add to cart,Default Title
42,Dangkeebs,https://dangkeebs.com/products/strawberry-v2,Strawberry V2,product,"Strawberry V2's are a sweet premium linear inspired by bright berries. They're composed of a clear top housing, transperant pink bottom housing, and pink POM stem allowing for improved RGB transmittance. Additionally, the switches are lightly pre-lubed with an improved factory lubing technique to ensure they're ready t",4.00,USD,http://cdn.shopify.com/s/files/1/0064/2560/8282/products/IMG_0126-2_1200x1200.jpg?v=1633755618,https://cdn.shopify.com/s/files/1/0064/2560/8282/products/IMG_0126-2_1200x1200.jpg?v=1633755618,Add to cart,Default Title
43,Dangkeebs,https://dangkeebs.com/products/ktt-sea-salt-lemon,KTT Sea Salt Lemon,product,"KTT Sea Salt Lemon is another one of KTT's famous budget linears. These switches feature a teal housing, and yellow stem. Similar to their other offerings, these switches are sure to provide a buttery smooth typing experience at an affordable price.    Switches are sold in packs of 10. Quantity 1 = 10 switches.  Specif",2.70,USD,http://cdn.shopify.com/s/files/1/0064/2560/8282/products/IMG_1457-3_1200x1200.jpg?v=1644726135,https://cdn.shopify.com/s/files/1/0064/2560/8282/products/IMG_1457-3_1200x1200.jpg?v=1644726135,Sold out,Default Title  - Sold out
44,Dangkeebs,https://dangkeebs.com/products/ktt-peach,KTT Peach,product,"KTT Peach is another one of KTT's famous budget linears. These switches feature a pink housing, and yellow stem. Similar to their other offerings, these switches are sure to provide a buttery smooth typing experience at an affordable price.    Switches are sold in packs of 10. Quantity 1 = 10 switches.  Specifications:",2.70,USD,http://cdn.shopify.com/s/files/1/0064/2560/8282/products/20220829100634_IMG_2288_Centered_1200x1200.jpg?v=1661800335,https://cdn.shopify.com/s/files/1/0064/2560/8282/products/20220829100634_IMG_2288_Centered_1200x1200.jpg?v=1661800335,Add to cart,Default Title
45,Dangkeebs,https://dangkeebs.com/products/ktt-grapefruit,KTT Grapefruit,product,"KTT Grapefruit is another one of KTT's famous budget linears. These switches feature a red housing, and white stem. Similar to their other offerings, these switches are sure to provide a buttery smooth typing experience at an affordable price.  Switches are sold in packs of 10. Quantity 1 = 10 switches.  Specifications",2.70,USD,http://cdn.shopify.com/s/files/1/0064/2560/8282/products/KTT-Grapefruit_1200x1200.png?v=1644462153,https://cdn.shopify.com/s/files/1/0064/2560/8282/products/KTT-Grapefruit_1200x1200.png?v=1644462153,Sold out,Default Title  - Sold out
46,Dangkeebs,https://dangkeebs.com/products/ktt-mallo,KTT Mallo,product,"KTT Mallo's are a new light tactile from KTT inspired by the loved (or hated) Peeps marshmallows! They feature minimal pre-travel, and a well-rounded short tactile bump.  Switches are sold in packs of 10.Quantity 1 = 10 switches. Specifications: Tactile Top Housing: Polycarbonate Bottom Housing: Nylon (PA66) Stem: POM ",3.00,USD,http://cdn.shopify.com/s/files/1/0064/2560/8282/products/KTT-Mallo_1200x1200.png?v=1649028388,https://cdn.shopify.com/s/files/1/0064/2560/8282/products/KTT-Mallo_1200x1200.png?v=1649028388,Sold out,Default Title  - Sold out
47,Dangkeebs,https://dangkeebs.com/products/strawberry-jelly-v2,Strawberry Jelly V2,product,"Strawberry Jelly V2's are inspired by pink strawberry-flavored jelly. They utilize the classic combination of polycarbonate top housing, POM stem, and nylon bottom housing. They feature a long pole stem and a 20mm spring. These features together provide a snappy typing experience with a solid bottom out characteristic ",4.10,USD,http://cdn.shopify.com/s/files/1/0064/2560/8282/products/IMG_1769-2_1200x1200.jpg?v=1653438347,https://cdn.shopify.com/s/files/1/0064/2560/8282/products/IMG_1769-2_1200x1200.jpg?v=1653438347,Sold out,Default Title  - Sold out
48,Dangkeebs,https://dangkeebs.com/products/strawberry-jelly-v3,Strawberry Jelly V3,product,Strawberry Jelly V3's are inspired by pink strawberry-flavored jelly. This version aims to improve on the top out sound of the V2. To do this both the top and bottom housing are now composed of nylon rather than the combination of polycarbonate and nylon in the previous version. The spring was also lengthened from 20mm,3.80,USD,http://cdn.shopify.com/s/files/1/0064/2560/8282/products/202207232127461_1200x1200.jpg?v=1661721632,https://cdn.shopify.com/s/files/1/0064/2560/8282/products/202207232127461_1200x1200.jpg?v=1661721632,Sold out,Default Title  - Sold out
49,Dangkeebs,https://dangkeebs.com/products/glorious-panda,Glorious Panda,product,"A switch like no other. The Glorious Panda is no ordinary mechanical keyboard switch. Created from the original INVYR Panda housing molds with improved internals and upgraded materials, the GP unlocks a transcendent tactile typing experience unlike anything your fingers have ever enjoyed.Engineered with the most premiu",25.00,USD,http://cdn.shopify.com/s/files/1/0064/2560/8282/products/GloriousPandaSwitchGLO-SWT-HPANDA-ProductShot2_1200x1200.png?v=1656294819,https://cdn.shopify.com/s/files/1/0064/2560/8282/products/GloriousPandaSwitchGLO-SWT-HPANDA-ProductShot2_1200x1200.png?v=1656294819,Add to cart,Default Title
50,Dangkeebs,https://dangkeebs.com/products/glorious-lynx,Glorious Lynx,product,"Glorious Lynx are designed to provide a silky-smooth, quiet linear typing experience perfect for any user. Feel your fingers stride across your board with remarkable speed and fluid accuracy. Made from premium, durable materials with precision tooling, Lynx will provide consistent actuation for years to come. Once you ",25.00,USD,http://cdn.shopify.com/s/files/1/0064/2560/8282/products/GloriousGLO-SWT-LYNX-ProductImage2ns_1200x1200.png?v=1656292964,https://cdn.shopify.com/s/files/1/0064/2560/8282/products/GloriousGLO-SWT-LYNX-ProductImage2ns_1200x1200.png?v=1656292964,Add to cart,Default Title
51,Dangkeebs,https://dangkeebs.com/products/jwick-nylon-t1,Jwick Nylon T1,product,"Jwick Nylon T1's offer JWK quality at an affordable price and feature a full nylon housing, and POM stem. They're also lightly pre-lubed and ready to go!   Switches are sold in packs of 10. Quantity 1 = 10 switches.  Specifications: Tactile Stem: POM  Top Housing: Nylon Bottom Housing: Nylon Spring: 67g bottom out PCB ",3.00,USD,http://cdn.shopify.com/s/files/1/0064/2560/8282/products/IMG_1998_1200x1200.jpg?v=1655080226,https://cdn.shopify.com/s/files/1/0064/2560/8282/products/IMG_1998_1200x1200.jpg?v=1655080226,Add to cart,Default Title
52,Dangkeebs,https://dangkeebs.com/products/jwick-ultimate-black,Jwick Ultimate Black,product,"Jwick Ultimate Blacks offer JWK quality at an affordable price and feature the classic combination of polycarbonate top housing, PA66 bottom housing, and POM stem. They're also lightly pre-lubed and ready to go!   Switches are sold in packs of 10. Quantity 1 = 10 switches.  Specifications: Linear Stem: POM  Top Housing",3.00,USD,http://cdn.shopify.com/s/files/1/0064/2560/8282/products/IMG_2010_1200x1200.jpg?v=1655079950,https://cdn.shopify.com/s/files/1/0064/2560/8282/products/IMG_2010_1200x1200.jpg?v=1655079950,Add to cart,Default Title
53,Dangkeebs,https://dangkeebs.com/products/jwick-ice-white,Jwick Ice White,product,"Jwick Ice Whites are part of JWK's budget line of switches. These switches offer JWK quality at an affordable price and feature the classic combination of polycarbonate top housing, PA66 bottom housing, and POM stem. In terms of spring weight, they're the lightest currently offered in Jwick's linear line-up. They're al",2.30,USD,http://cdn.shopify.com/s/files/1/0064/2560/8282/products/IMG_1978_1200x1200.jpg?v=1655079131,https://cdn.shopify.com/s/files/1/0064/2560/8282/products/IMG_1978_1200x1200.jpg?v=1655079131,Add to cart,Default Title
54,Dangkeebs,https://dangkeebs.com/products/jwick-yellow,Jwick Yellow,product,"Jwick Yellows are part of JWK's budget line of switches. These switches offer JWK quality at an affordable price and feature the classic combination of polycarbonate top housing, PA66 bottom housing, and POM stem. In terms of spring weight, they're the heaviest currently offered in Jwick's linear line-up. They're also ",2.30,USD,http://cdn.shopify.com/s/files/1/0064/2560/8282/products/IMG_2029_1200x1200.jpg?v=1655078740,https://cdn.shopify.com/s/files/1/0064/2560/8282/products/IMG_2029_1200x1200.jpg?v=1655078740,Add to cart,Default Title
55,Dangkeebs,https://dangkeebs.com/products/jwick-red,Jwick Red,product,"Jwick Reds are part of JWK's budget line of switches. These switches offer JWK quality at an affordable price and feature the classic combination of polycarbonate top housing, PA66 bottom housing, and POM stem. They're the middle ground between Jwick Ice Whites, and Jwick Yellows in terms of spring weight. They're also",2.30,USD,http://cdn.shopify.com/s/files/1/0064/2560/8282/products/IMG_1963_1200x1200.jpg?v=1655071546,https://cdn.shopify.com/s/files/1/0064/2560/8282/products/IMG_1963_1200x1200.jpg?v=1655071546,Add to cart,Default Title
56,Dangkeebs,https://dangkeebs.com/products/sp-star-marble-soda-original-og,SP-Star Marble Soda - Original (OG),product,"SP-Star Marble Sodas are a linear switch made in a custom colorway to match our favorite carbonated beverage to pop open after an arduous journey, exploring the outer reaches. Switches are sold in packs of 25. Quantity 1 = 25 switches.  Specifications: Linear Top Housing: Polycarbonate Bottom Housing: Polycarbonate Ste",16.25,USD,http://cdn.shopify.com/s/files/1/0064/2560/8282/products/CaptSterOGMacro_590x_e27ded79-98f3-4960-8b32-6c7705c23656_1200x1200.webp?v=1647828326,https://cdn.shopify.com/s/files/1/0064/2560/8282/products/CaptSterOGMacro_590x_e27ded79-98f3-4960-8b32-6c7705c23656_1200x1200.webp?v=1647828326,Sold out,Default Title  - Sold out
57,Dangkeebs,https://dangkeebs.com/products/sp-star-magic-girl-classic,SP-Star - Magic Girl Classic,product,"SP-Star Magic Girl Classic are tactile switches designed by Mintlodica to match the Magic Girl series. They feature a tactile event that is moderate, round, and snappy.Switches are sold in packs of 25. Quantity 1 = 25 switches.  Specifications: Tactile Top Housing: Nylon Bottom Housing: Nylon Stem: POM  67g Gold plated",16.25,USD,http://cdn.shopify.com/s/files/1/0064/2560/8282/products/SP-Star-Magic-Girl-Classic_1200x1200.png?v=1649028405,https://cdn.shopify.com/s/files/1/0064/2560/8282/products/SP-Star-Magic-Girl-Classic_1200x1200.png?v=1649028405,Sold out,Default Title  - Sold out
58,Dangkeebs,https://dangkeebs.com/products/sp-star-yanyu,SP-Star Yanyu,product,"SP-Star Yanyus are a linear from SP-Star. This updated version features an UHMWPE blend housing, gold plated dual stage spring, and POM stem.    Switches are sold in packs of 10.Quantity 1 = 10 switches. Specifications: Linear Top Housing: Polycarbonate Bottom Housing: Nylon Stem: POM 43g bottom-out force  Dual stage g",5.90,USD,http://cdn.shopify.com/s/files/1/0064/2560/8282/products/IMG_1486-2_1200x1200.jpg?v=1646588914,https://cdn.shopify.com/s/files/1/0064/2560/8282/products/IMG_1486-2_1200x1200.jpg?v=1646588914,Sold out,Default Title  - Sold out
59,Dangkeebs,https://dangkeebs.com/products/sp-star-polaris-purple,SP-Star Polaris Purple,product,"SP-Star Polaris Purples are a med-high tactile from SP-Star. They feature a polycarbonate housing, gold plated dual stage spring, and POM stem. The tactile event starts with no pre-travel followed by a moderate sized round tactile bump providing a snappy tactility.  The tactile experience falls between a KTT Matcha, an",5.70,USD,http://cdn.shopify.com/s/files/1/0064/2560/8282/products/IMG_1476_1200x1200.jpg?v=1646587619,https://cdn.shopify.com/s/files/1/0064/2560/8282/products/IMG_1476_1200x1200.jpg?v=1646587619,Add to cart,Default Title
60,Dangkeebs,https://dangkeebs.com/products/safety,Safety,product,"Safety switches offer stems utilizing Tecsee's proprietary UHMWPE blend. The updated blend takes advantage of UHMWPE's lower coefficient of friction, self-lubrication, and resistance to abrasion while maintaining sufficient rigidity to prevent warpage with use. The unique properties of this blend allows for a smooth ty",5.40,USD,http://cdn.shopify.com/s/files/1/0064/2560/8282/products/IMG_1736_1200x1200.jpg?v=1653439367,https://cdn.shopify.com/s/files/1/0064/2560/8282/products/IMG_1736_1200x1200.jpg?v=1653439367,Add to cart,Default Title
61,Dangkeebs,https://dangkeebs.com/products/builtbynim-bbn-linear-switch,BuiltByNim (BBN) Linear Switch,product,BuiltByNim Linear Switches are specifically designed and manufactured to incorporate a unique sound profile and feel.   Switches are sold in packs of 10. Quantity 1 = 10 switches.  Specifications: Linear  Stem: Polyoxymethylene (POM) lengthened stem Top Housing: Custom nylon blend BBN top housing Bottom Housing: Polyca,7.50,USD,http://cdn.shopify.com/s/files/1/0064/2560/8282/products/BBNLinearCascadeDark_1200x1200.jpg?v=1646589308,https://cdn.shopify.com/s/files/1/0064/2560/8282/products/BBNLinearCascadeDark_1200x1200.jpg?v=1646589308,Add to cart,Default Title
62,Dangkeebs,https://dangkeebs.com/products/tecsee-jadeite,Tecsee Jadeite,product,"Tecsee Jadeites feature UHMWPE in both the top housing and stem. UHMWPE is a unique material with a lower coefficient of friction than POM. It's a softer material that's self-lubricating, and highly resistant to abrasion. These distinct properties result in a smooth typing experience with a particularly soft top-out so",5.70,USD,http://cdn.shopify.com/s/files/1/0064/2560/8282/products/Tecsee-Diamond_1200x1200.png?v=1645066085,https://cdn.shopify.com/s/files/1/0064/2560/8282/products/Tecsee-Diamond_1200x1200.png?v=1645066085,Add to cart,Default Title
63,Dangkeebs,https://dangkeebs.com/products/tecsee-ice-milk,Tecsee Ice Milk,product,Tecsee Ice Milk's utilize a long pole stem and feature a sharp tactile bump with minimal pre-travel. They incorporate UHMWPE in the top housing and stem resulting in a dampened top and bottom out sound. Switches are sold in packs of 10. Quantity 1 = 10 switches.  Specifications: Tactile Top Housing: UHMWPE Bottom Housi,5.00,USD,http://cdn.shopify.com/s/files/1/0064/2560/8282/products/IMG_1972_1200x1200.jpg?v=1655081099,https://cdn.shopify.com/s/files/1/0064/2560/8282/products/IMG_1972_1200x1200.jpg?v=1655081099,Sold out,Default Title  - Sold out
64,Dangkeebs,https://dangkeebs.com/products/tecsee-ice-grape,Tecsee Ice Grape,product,"Tecsee Ice Grapes feature the same housing as their Ice Candy switches, but with a long pole UHMWPE stem. The transparent housing offers maximum RGB diffusion, and the UHMWPE stem ensures a muted top and bottom out sound.  Switches are sold in packs of 10. Quantity 1 = 10 switches.  Specifications: Linear Top Housing: ",6.00,USD,http://cdn.shopify.com/s/files/1/0064/2560/8282/products/IMG_0928-2_1200x1200.jpg?v=1638126445,https://cdn.shopify.com/s/files/1/0064/2560/8282/products/IMG_0928-2_1200x1200.jpg?v=1638126445,Add to cart,Default Title
65,Dangkeebs,https://dangkeebs.com/products/tecsee-ice-candy,Tecsee Ice Candy,product,Tecsee Ice Candy feature a fully transparent housing and long pole nylon stem. These switches are excellent for those hoping for maximum RGB shine-through.  Switches are sold in packs of 10. Quantity 1 = 10 switches.  Specifications: Linear Top Housing: Polycarbonate  Bottom Housing: Polycarbonate Stem: Nylon Dual stag,6.00,USD,http://cdn.shopify.com/s/files/1/0064/2560/8282/products/IMG_0955-4_1200x1200.jpg?v=1638126098,https://cdn.shopify.com/s/files/1/0064/2560/8282/products/IMG_0955-4_1200x1200.jpg?v=1638126098,Add to cart,Default Title
66,Dangkeebs,https://dangkeebs.com/products/tecsee-sapphire,Tecsee Sapphire,product,"Tecsee Sapphires outshine their competition with their one-of-a-kind sparkling housing, smooth travel, and long pole stem. They're coupled with a gold plated progressive spring to provide an enjoyable snappy response. Switches are sold in packs of 10. Quantity 1 = 10 switches.  Specifications: Tactile Top Housing: Poly",5.50,USD,http://cdn.shopify.com/s/files/1/0064/2560/8282/products/IMG_9760_1200x1200.jpg?v=1626827651,https://cdn.shopify.com/s/files/1/0064/2560/8282/products/IMG_9760_1200x1200.jpg?v=1626827651,Sold out,Default Title  - Sold out
67,Dangkeebs,https://dangkeebs.com/products/tecsee-sapphire-v2,Tecsee Sapphire V2,product,"Tecsee Sapphire V2's feature the same one-of-a-kind sparkling housing, smooth travel, and long pole stem as the V1's, but with an updated UHMWPE stem. They offer the same snappy response as their ancestors but this time with a softened bottom, and top out sound. Switches are sold in packs of 10. Quantity 1 = 10 switche",5.50,USD,http://cdn.shopify.com/s/files/1/0064/2560/8282/products/IMG_9929_1200x1200.jpg?v=1629248540,https://cdn.shopify.com/s/files/1/0064/2560/8282/products/IMG_9929_1200x1200.jpg?v=1629248540,Sold out,Default Title  - Sold out
68,Dangkeebs,https://dangkeebs.com/products/tecsee-ruby,Tecsee Ruby,product,"Tecsee Rubys outshine their competition with their one-of-a-kind sparkling housing, smooth travel, and long pole stem. They're coupled with a gold plated progressive spring to provide an enjoyable snappy response. Switches are sold in packs of 10. Quantity 1 = 10 switches.  Specifications: Linear Top Housing: Polycarbo",5.50,USD,http://cdn.shopify.com/s/files/1/0064/2560/8282/products/Tecsee-Ruby-V1_1200x1200.png?v=1644186939,https://cdn.shopify.com/s/files/1/0064/2560/8282/products/Tecsee-Ruby-V1_1200x1200.png?v=1644186939,Add to cart,Default Title
69,Dangkeebs,https://dangkeebs.com/products/tecsee-ruby-v2,Tecsee Ruby V2,product,"Tecsee Ruby V2's feature the same one-of-a-kind sparkling housing, smooth travel, and long pole stem as the V1's, but with an updated UHMWPE stem. They offer the same snappy response as their ancestors but this time with a softened bottom, and top out sound. Switches are sold in packs of 10. Quantity 1 = 10 switches.  ",5.50,USD,http://cdn.shopify.com/s/files/1/0064/2560/8282/products/IMG_9916_1200x1200.jpg?v=1629248191,https://cdn.shopify.com/s/files/1/0064/2560/8282/products/IMG_9916_1200x1200.jpg?v=1629248191,Sold out,Default Title  - Sold out
70,Dangkeebs,https://dangkeebs.com/products/purple-panda,Purple Panda,product,Purple Pandas are a strong tactile from Tecsee featuring a proprietary material in the housing known as PME. This material is used for both the top and bottom housing and provides for a slightly deeper sound signature than other traditional plastic blends. The switches also utilize a long pole stem for a more solid bot,5.00,USD,http://cdn.shopify.com/s/files/1/0064/2560/8282/products/IMG_1955-2_1200x1200.jpg?v=1655070566,https://cdn.shopify.com/s/files/1/0064/2560/8282/products/IMG_1955-2_1200x1200.jpg?v=1655070566,Sold out,Default Title  - Sold out
71,Dangkeebs,https://dangkeebs.com/products/purple-potato,Purple Potato,product,"AregKeyboard’s Purple Potato switch draws inspiration from delicious purple potatoes. The switches feature an extended spring, full POM construction, and large round tactile bump with very little pre-travel similar to a Holy Panda. Switches are sold in packs of 10. Quantity 1 = 10 switches.  Specifications: Tactile 4.0",7.50,USD,http://cdn.shopify.com/s/files/1/0064/2560/8282/products/image3_1200x1200.jpg?v=1644026391,https://cdn.shopify.com/s/files/1/0064/2560/8282/products/image3_1200x1200.jpg?v=1644026391,Sold out,Default Title  - Sold out
72,Dangkeebs,https://dangkeebs.com/products/kailh-white-owl,Kailh White Owl,product,"Kailh White Owls are a new clicky switch featuring stable and powerful short springs, high RGB transmittance of &gt;90%, and gold alloy contacts. Similar to other Kailh clicky switches, these switches are extremely satisfying to type on. Although, please exercise caution if you live with room-mates.     Switches are so",5.70,USD,http://cdn.shopify.com/s/files/1/0064/2560/8282/products/IMG_2047_1200x1200.jpg?v=1656082761,https://cdn.shopify.com/s/files/1/0064/2560/8282/products/IMG_2047_1200x1200.jpg?v=1656082761,Sold out,Default Title  - Sold out
73,Dangkeebs,https://dangkeebs.com/products/kailh-deep-sea,Kailh Deep Sea,product,Kailh Deep Sea's are inspired by the calm waters of the deep ocean. The sophisticated internal silencing mechanisms of this switch allow for operation with &lt;35dB. Switches are sold in packs of 10. Quantity 1 = 10 switches.  Specifications: Silent Linear 3.6mm travel Stem: Polyoxymethylene (POM) Top Housing: Nylon Bo,7.00,USD,http://cdn.shopify.com/s/files/1/0064/2560/8282/products/IMG_1952_1200x1200.jpg?v=1654821982,https://cdn.shopify.com/s/files/1/0064/2560/8282/products/IMG_1952_1200x1200.jpg?v=1654821982,Sold out,Default Title  - Sold out
74,Dangkeebs,https://dangkeebs.com/products/novelkeys-x-kailh-box-cream,Novelkeys x Kailh Box Cream,product,"Novelkeys x Kailh Box Creams are a new linear switch created in the likeness of cream switches, but features the unique BOX housing.Switches are sold in packs of 10. Quantity 1 = 10 switches.  Specifications: Linear 2mm actuation / 4.0mm travel 45g actuation / 55g bottom out Cream housing 5 pin ",7.00,USD,http://cdn.shopify.com/s/files/1/0064/2560/8282/products/IMG_0895-2_1200x1200.jpg?v=1619243986,https://cdn.shopify.com/s/files/1/0064/2560/8282/products/IMG_0895-2_1200x1200.jpg?v=1619243986,Add to cart,Default Title
75,Dangkeebs,https://dangkeebs.com/products/novelkeys-x-kailh-chocolate,Novelkeys x Kailh Chocolate,product,Switches are sold in packs of 10. Quantity 1 = 10 switches.  Specifications: Linear 2mm actuation / 4.0mm travel 55g actuation / 70g bottom out Chocolate housing 5 pin  UNLUBED from factory,6.80,USD,http://cdn.shopify.com/s/files/1/0064/2560/8282/products/IMG_0754-2_1200x1200.jpg?v=1617853879,https://cdn.shopify.com/s/files/1/0064/2560/8282/products/IMG_0754-2_1200x1200.jpg?v=1617853879,Sold out,Default Title  - Sold out
76,Dangkeebs,https://dangkeebs.com/products/novelkeys-x-kailh-cream,Novelkeys x Kailh Cream,product,Switches are sold in packs of 10. Quantity 1 = 10 switches.  Specifications: Linear 2mm actuation / 4.0mm travel 55g actuation / 70g bottom out Cream housing 5 pin UNLUBED from factory    Sound Test:,6.50,USD,http://cdn.shopify.com/s/files/1/0064/2560/8282/products/NK-Kailh-Cream_1200x1200.png?v=1644462119,https://cdn.shopify.com/s/files/1/0064/2560/8282/products/NK-Kailh-Cream_1200x1200.png?v=1644462119,Sold out,Default Title  - Sold out
77,Dangkeebs,https://dangkeebs.com/products/novelkeys-x-kailh-box-jade,Novelkeys x Kailh Box Jade,product,Switches are sold in packs of 10. Quantity 1 = 10 switches.  Specifications: Clicky 3.6mm travel 50g actuation / 60g bottom out 3 pin  UNLUBED from factory,3.50,USD,http://cdn.shopify.com/s/files/1/0064/2560/8282/products/NK-Kailh-Box-Jade_1200x1200.png?v=1644462139,https://cdn.shopify.com/s/files/1/0064/2560/8282/products/NK-Kailh-Box-Jade_1200x1200.png?v=1644462139,Add to cart,Default Title
78,Dangkeebs,https://dangkeebs.com/products/halu-halo-switches,JWK HaluHalo,product,"HaluHalo Switches combine our love for the Filipino dessert halo halo, and pastel tones. The switches feature a pastel purple housing, and pastel cyan stem. They will be a sweet addition to any set-up!   Switches are sold in packs of 10. Quantity 1 = 10 switches.  Specifications: Linear 4.0mm travel Stem: Polyoxymethyl",5.00,USD,http://cdn.shopify.com/s/files/1/0064/2560/8282/products/HaluHaloswitchlargetitlepage_1200x1200.jpg?v=1610210471,https://cdn.shopify.com/s/files/1/0064/2560/8282/products/HaluHaloswitchlargetitlepage_1200x1200.jpg?v=1610210471,Sold out,Default Title  - Sold out
79,Dangkeebs,https://dangkeebs.com/products/musetsu,Musetsu,product,"Musetsu's are one half of a new pairing of switches from Qwertyqop featuring custom springs, new exterior designs as well as new material blends. Originally planned for a winter release, these switches were given the names Musetsu (""Snow Fog"") and Hoshizora (""Starry Night"") respectively. Switches are sold in packs of 1",7.50,USD,http://cdn.shopify.com/s/files/1/0064/2560/8282/products/IMG_1637_1200x1200.jpg?v=1651443022,https://cdn.shopify.com/s/files/1/0064/2560/8282/products/IMG_1637_1200x1200.jpg?v=1651443022,Add to cart,Default Title
80,Dangkeebs,https://dangkeebs.com/products/hoshizora,Hoshizora R2,product,"Hoshizora's are one half of a new pairing of switches from Qwertyqop featuring custom springs, new exterior designs as well as new material blends. Originally planned for a winter release, these switches were given the names Musetsu (""Snow Fog"") and Hoshizora (""Starry Night"") respectively. Switches are sold in packs of",7.20,USD,http://cdn.shopify.com/s/files/1/0064/2560/8282/products/IMG_1620-2_1200x1200.jpg?v=1650590098,https://cdn.shopify.com/s/files/1/0064/2560/8282/products/IMG_1620-2_1200x1200.jpg?v=1650590098,Add to cart,Default Title
81,Dangkeebs,https://dangkeebs.com/products/commute,Commute,product,"It’s a moment of stillness, a moment of bliss - a long breath taking in the beauty of the dawn or dusk, before a first step onto the platform, and into the chaos of life.Commute is inspired by these moments, and a colorful sky at the start and end of daily travel to and from the places we go. Work, school, grandma’s ho",5.70,USD,http://cdn.shopify.com/s/files/1/0064/2560/8282/products/unknown_1200x1200.png?v=1650836669,https://cdn.shopify.com/s/files/1/0064/2560/8282/products/unknown_1200x1200.png?v=1650836669,Sold out,Default Title  - Sold out
82,Dangkeebs,https://dangkeebs.com/products/autumn-rain,Autumn Rain,product,"Autumn Rain's are inspired by rain in autumn. They feature a long pole stem made of P3 - a proprietary UHMWPE blend from JWK, extended spring, and nylon housing. These features together provide a snappy typing experience with a firm bottom out characteristic of long pole switches.  Switches are sold in packs of 10. Qua",7.30,USD,http://cdn.shopify.com/s/files/1/0064/2560/8282/products/o__202202070332391_1200x1200.jpg?v=1655069320,https://cdn.shopify.com/s/files/1/0064/2560/8282/products/o__202202070332391_1200x1200.jpg?v=1655069320,Sold out,Default Title  - Sold out
83,Dangkeebs,https://dangkeebs.com/products/quartz-v2,Quartz V2,product,"Quartz V2's are here! The biggest change QwertyQop has made this round is to opt for custom springs: 63.5g Turbo. These springs are made of Korean KOS steel &amp; have different diameters on both the top and bottom. When the smaller diameter is inserted into the switch first, it will act as a complex spring. Alternativ",6.80,USD,http://cdn.shopify.com/s/files/1/0064/2560/8282/products/IMG_5758_1024x1024_2x_6bda6c87-d039-49bb-9989-0fcf0c1e039d_1200x1200.jpg?v=1646589367,https://cdn.shopify.com/s/files/1/0064/2560/8282/products/IMG_5758_1024x1024_2x_6bda6c87-d039-49bb-9989-0fcf0c1e039d_1200x1200.jpg?v=1646589367,Sold out,Default Title  - Sold out
84,Dangkeebs,https://dangkeebs.com/products/quartz,Quartz,product,"A lovely pink linear manufactured by JWK featuring an extended UHMWPE stem, nylon top housing, and polyamide blend bottom housing. Switches are sold in packs of 10. Quantity 1 = 10 switches.  Specifications: Linear 4.0mm travel / 2.0mm actuation Stem: P3 (A proprietary UHMWPE blend from JWK) Top Housing: Polycarbonate ",6.30,USD,http://cdn.shopify.com/s/files/1/0064/2560/8282/products/MPiPAvv_1200x1200.jpg?v=1631487844,https://cdn.shopify.com/s/files/1/0064/2560/8282/products/MPiPAvv_1200x1200.jpg?v=1631487844,Sold out,Default Title  - Sold out
85,Dangkeebs,https://dangkeebs.com/products/poseidon,Poseidon,product,"Poseidon switches are designed by Moyu.Studio and inspired by Poseidon, the God of the sea in Greek mythology. Three different blues are used to express the three levels of the sea, and the three-stage gold-plated spring and nylon shell give it a wonderful feel and sound. Switches are sold in packs of 10. Quantity 1 = ",6.90,USD,http://cdn.shopify.com/s/files/1/0064/2560/8282/products/unknown-3_1200x1200.png?v=1638133768,https://cdn.shopify.com/s/files/1/0064/2560/8282/products/unknown-3_1200x1200.png?v=1638133768,Sold out,Default Title  - Sold out
86,Dangkeebs,https://dangkeebs.com/products/queen,Queen,product,"Moyu.studio’s newest switch, the Queen switch, features an innovative three-stage spring, creating a unique feel. A new take on the community-favorite JWK linear and inspired by the queen found in playing cards, this switch is sure to be the star of your next build.Switches are sold in packs of 10. Quantity 1 = 10 swit",6.50,USD,http://cdn.shopify.com/s/files/1/0064/2560/8282/products/IMG_0551-2_1200x1200.jpg?v=1620852317,https://cdn.shopify.com/s/files/1/0064/2560/8282/products/IMG_0551-2_1200x1200.jpg?v=1620852317,Sold out,Default Title  - Sold out
87,Dangkeebs,https://dangkeebs.com/products/c-equalz-x-tkc-kiwi,C³EQUALZ X TKC Kiwi,product,"C³EQUALZ X TKC Kiwis are tactiles featuring the same housing material as Tangerine switches. Offering a tactile event that is med-large, round, and starts immediately at the top of the keystroke - these switches are great for anyone looking for a snappy tactile switch. Switches are sold in packs of 25. Quantity 1 = 25 ",16.25,USD,http://cdn.shopify.com/s/files/1/0064/2560/8282/products/C3Equalz-Kiwi_1200x1200.png?v=1649028316,https://cdn.shopify.com/s/files/1/0064/2560/8282/products/C3Equalz-Kiwi_1200x1200.png?v=1649028316,Sold out,Default Title  - Sold out
88,Dangkeebs,https://dangkeebs.com/products/c-equalz-x-tkc-tangerine-62g,C³EQUALZ X TKC Tangerine - 62g,product,"C³EQUALZ X TKC Tangerines are smooth linears featuring a special housing composition. This material provides for smooth operation and unique sound. This is the 2nd iteration of the tangerine switch, featuring brand new molds.Switches are sold in packs of 25. Quantity 1 = 25 switches.  Specifications: Linear Top Housing",16.25,USD,http://cdn.shopify.com/s/files/1/0064/2560/8282/products/IMG_0266_1200x1200.jpg?v=1634435131,https://cdn.shopify.com/s/files/1/0064/2560/8282/products/IMG_0266_1200x1200.jpg?v=1634435131,Sold out,Default Title  - Sold out
89,Dangkeebs,https://dangkeebs.com/products/c-equalz-x-tkc-tangerine-67g,C³EQUALZ X TKC Tangerine - 67g,product,"C³EQUALZ X TKC Tangerines are smooth linears featuring a special housing composition. This material provides for smooth operation and unique sound. This is the 2nd iteration of the tangerine switch, featuring brand new molds.Switches are sold in packs of 25. Quantity 1 = 25 switches.  Specifications: Linear Top Housing",16.25,USD,http://cdn.shopify.com/s/files/1/0064/2560/8282/products/IMG_0299_1200x1200.jpg?v=1634434531,https://cdn.shopify.com/s/files/1/0064/2560/8282/products/IMG_0299_1200x1200.jpg?v=1634434531,Sold out,Default Title  - Sold out
90,Dangkeebs,https://dangkeebs.com/products/cox-gn08-silent-yellow,COX GN08 Silent Yellow,product,"COX GN08 Silent Yellows are the Gateron Yellows you love, but silent! A little lube, and some films will make these perfect for any build.    Switches are sold in packs of 10. Quantity 1 = 10 switches.  Specifications: Silent Linear 4.0mm travel 50g actuation 3 pin ",4.00,USD,http://cdn.shopify.com/s/files/1/0064/2560/8282/products/IMG_9584_1200x1200.jpg?v=1623624778,https://cdn.shopify.com/s/files/1/0064/2560/8282/products/IMG_9584_1200x1200.jpg?v=1623624778,Sold out,Default Title  - Sold out
91,Dangkeebs,https://dangkeebs.com/products/kbdfans-x-mito-x-gateron-laser-60g,KBDFans x MITO x Gateron Laser – 60g,product,Switches are sold in packs of 10. Quantity 1 = 10 switches.  Specifications: Linear 4.0mm travel 60g bottom-out 5 pin ,6.50,USD,http://cdn.shopify.com/s/files/1/0064/2560/8282/products/KBDFans-Mito-Laser-60g_1200x1200.png?v=1644462170,https://cdn.shopify.com/s/files/1/0064/2560/8282/products/KBDFans-Mito-Laser-60g_1200x1200.png?v=1644462170,Sold out,Default Title  - Sold out
92,Dangkeebs,https://dangkeebs.com/products/kbdfans-x-mito-x-gateron-laser-70g,KBDFans x MITO x Gateron Laser – 70g,product,Switches are sold in packs of 10. Quantity 1 = 10 switches.  Specifications: Linear 4.0mm travel 70g bottom-out 5 pin ,6.50,USD,http://cdn.shopify.com/s/files/1/0064/2560/8282/products/IMG_0972_1200x1200.jpg?v=1621475622,https://cdn.shopify.com/s/files/1/0064/2560/8282/products/IMG_0972_1200x1200.jpg?v=1621475622,Add to cart,Default Title
93,Dangkeebs,https://dangkeebs.com/products/gateron-blizzard,Gateron Blizzard,product,"Gateron Blizzards are a sequel to the popular Gateron Silver Blizzard switches. This new version features a long pole stem, minimal pre-travel, and a unique housing combination of PA66 and POM.Quantity of 1 = 10 switches. Specifications: Tactile Top Housing: PA66 Bottom Housing: POM Stem: POM 60g actuation 3.4mm travel",7.00,USD,http://cdn.shopify.com/s/files/1/0064/2560/8282/products/IMG_1944_1200x1200.jpg?v=1654822422,https://cdn.shopify.com/s/files/1/0064/2560/8282/products/IMG_1944_1200x1200.jpg?v=1654822422,Add to cart,Default Title
94,Dangkeebs,https://dangkeebs.com/products/gateron-silver-blizzard,Gateron Silver Blizzard,product,"Gateron Silver Blizzards feature a long pole stem, minimal pre-travel, and gold plated springs. These switches are great for those who enjoy a more solid bottom out sound. Quantity of 1 = 10 switches. Specifications: Tactile Top Housing: Polycarbonate Bottom Housing: PA66 Stem: POM Gold plated spring 60g actuation 3.4m",5.50,USD,http://cdn.shopify.com/s/files/1/0064/2560/8282/products/Gateron-Silver-Blizzard_1200x1200.png?v=1644186863,https://cdn.shopify.com/s/files/1/0064/2560/8282/products/Gateron-Silver-Blizzard_1200x1200.png?v=1644186863,Sold out,Default Title  - Sold out
95,Dangkeebs,https://dangkeebs.com/products/gateron-oil-king,Gateron Oil King,product,"Gateron Oil Kings feature a Nylon PA66 top housing, ink blend bottom housing, and coated 20mm spring. They also utilize Gateron's improved lubing method seen in Gateron's Pro Line of switches.    Switches are sold in packs of 10. Quantity 1 = 10 switches.  Specifications: Linear Top Housing: Nylon PA66 Bottom Housing: ",6.50,USD,http://cdn.shopify.com/s/files/1/0064/2560/8282/products/Gateron-Oil-King_1200x1200.png?v=1645066068,https://cdn.shopify.com/s/files/1/0064/2560/8282/products/Gateron-Oil-King_1200x1200.png?v=1645066068,Add to cart,Default Title
96,Dangkeebs,https://dangkeebs.com/products/gateron-cj,Gateron CJ,product,"Gateron CJ's are smooth linears inspired by French hydrangea flowers. These beautiful deep indigo switches feature a top housing composed of the same material as Gateron's acclaimed INK series, a POM stem, and a POM bottom housing.    Switches are sold in packs of 10. Quantity of 1 = 10 switches.Specifications: Linear ",6.10,USD,http://cdn.shopify.com/s/files/1/0064/2560/8282/products/IMG_0077_1200x1200.jpg?v=1632696508,https://cdn.shopify.com/s/files/1/0064/2560/8282/products/IMG_0077_1200x1200.jpg?v=1632696508,Add to cart,Default Title
97,Dangkeebs,https://dangkeebs.com/products/gateron-slate,Gateron Slate,product,"Gateron Slates are a new addition to Gateron's premium selection of switches. They're smooth linears with a truncated travel distance similar to Gateron Yellow Inks. They feature a proprietary housing material, and stainless steel spring.  Switches are sold in packs of 10. Quantity 1 = 10 switches.  Specifications: Lin",8.00,USD,http://cdn.shopify.com/s/files/1/0064/2560/8282/products/Gateron-Slate_1200x1200.png?v=1644186878,https://cdn.shopify.com/s/files/1/0064/2560/8282/products/Gateron-Slate_1200x1200.png?v=1644186878,Add to cart,Default Title
98,Dangkeebs,https://dangkeebs.com/products/gateron-box-ink-v2-black,Gateron Box Ink V2 - Black,product,"Gateron Box Ink V2's are a new iteration to Gateron's Ink line of switches. They feature a truncated travel distance, and long spring for increased responsiveness. These switches utilize the same unique housing material and coated spring found in the original Ink switches.   Switches are sold in packs of 10. Quantity 1",8.50,USD,http://cdn.shopify.com/s/files/1/0064/2560/8282/products/IMG_1193_1200x1200.jpg?v=1641616547,https://cdn.shopify.com/s/files/1/0064/2560/8282/products/IMG_1193_1200x1200.jpg?v=1641616547,Sold out,Default Title  - Sold out
99,Dangkeebs,https://dangkeebs.com/products/gateron-milky-yellow-pro,Gateron Milky Yellow Pro,product,"Gateron Milky Yellow Pros feature an updated mold resulting in reduced stem wobble, tighter housings, and improved smoothness. The switches are lightly pre-lubed and utilize the same traditional milky housing the community has come to love.  Similar to their predecessors, they're excellent linear switches, and extremel",2.40,USD,http://cdn.shopify.com/s/files/1/0064/2560/8282/products/IMG_1155_1200x1200.jpg?v=1640928414,https://cdn.shopify.com/s/files/1/0064/2560/8282/products/IMG_1155_1200x1200.jpg?v=1640928414,Add to cart,Default Title
100,Dangkeebs,https://dangkeebs.com/products/gateron-milky-clear,Gateron Milky Clear,product,"Gateron Milky Clears are excellent linear switches. They feature all of the community acclaimed properties of Gateron Milky Yellows with a slightly lighter spring weight. A little lube, and some films will make these perfect for any build.  Switches are sold in packs of 10. Quantity 1 = 10 switches.  Specifications: Li",2.40,USD,http://cdn.shopify.com/s/files/1/0064/2560/8282/products/IMG_9951_1200x1200.jpg?v=1630215537,https://cdn.shopify.com/s/files/1/0064/2560/8282/products/IMG_9951_1200x1200.jpg?v=1630215537,Add to cart,Default Title
101,Dangkeebs,https://dangkeebs.com/products/gateron-milky-green,Gateron Milky Green,product,Gateron Milky Greens incorporate a click jacket for an audible click when you actuate the switch. They also feature all of the community acclaimed properties of Gateron's milky housing. Switches are sold in packs of 10. Quantity 1 = 10 switches.  Specifications: Clicky Top Housing: Polycarbonate / Nylon Blend Bottom Ho,2.40,USD,http://cdn.shopify.com/s/files/1/0064/2560/8282/products/Gateron-Green_1200x1200.png?v=1644462211,https://cdn.shopify.com/s/files/1/0064/2560/8282/products/Gateron-Green_1200x1200.png?v=1644462211,Sold out,Default Title  - Sold out
102,Dangkeebs,https://dangkeebs.com/products/gateron-cap-milky-v2,Gateron Cap - Milky V2,product,"Gateron Cap - Milky V2's are essentially the Cap Switches you love, but with a few improvements. This time around they feature a new mold aimed to reduce stem wobble in addition to a new factory lubing technique allowing for better consistency between switches.     Switches are sold in packs of 10. Quantity 1 = 10 swit",3.40,USD,http://cdn.shopify.com/s/files/1/0064/2560/8282/products/IMG_9941_1200x1200.jpg?v=1630214927,https://cdn.shopify.com/s/files/1/0064/2560/8282/products/IMG_9941_1200x1200.jpg?v=1630214927,Add to cart,Default Title
103,Dangkeebs,https://dangkeebs.com/products/gateron-cap-brown,Gateron Cap - Brown,product,Switches are sold in packs of 10. Quantity 1 = 10 switches.  Specifications: Tactile 2.0 mm actuation / 4.0mm travel 55g actuation Gold plated spring 5 pin  ﻿Lightly Pre-lubed,5.00,USD,http://cdn.shopify.com/s/files/1/0064/2560/8282/products/Gateron-Cap-Brown_1200x1200.png?v=1649028350,https://cdn.shopify.com/s/files/1/0064/2560/8282/products/Gateron-Cap-Brown_1200x1200.png?v=1649028350,Add to cart,Default Title
104,Dangkeebs,https://dangkeebs.com/products/gateron-cap-yellow,Gateron Cap - Yellow,product,Switches are sold in packs of 35. Quantity 1 = 35 switches.  Specifications: Linear 2.0 mm actuation / 4.0mm travel 50g actuation / 63g bottom out Gold plated spring 5 pin  Acrylic case,18.00,USD,http://cdn.shopify.com/s/files/1/0064/2560/8282/products/Gateroncapbox_dd960e4c-8f38-42aa-8746-975bb55d50a5_1200x1200.jpg?v=1609749744,https://cdn.shopify.com/s/files/1/0064/2560/8282/products/Gateroncapbox_dd960e4c-8f38-42aa-8746-975bb55d50a5_1200x1200.jpg?v=1609749744,Add to cart,Default Title
105,Dangkeebs,https://dangkeebs.com/products/gateron-black-ink-v2,Gateron Black Ink V2,product,"Gateron Black Ink V2's are from Gateron's premium line of switches. They feature a unique housing material and coated spring.  These switches are highly regarded within the community, and arguably one of the smoothest linears.  Switches are sold in packs of 10. Quantity 1 = 10 switches.  Specifications: Linear Top Hous",7.50,USD,http://cdn.shopify.com/s/files/1/0064/2560/8282/products/IMG_8289_1200x1200.jpg?v=1602996463,https://cdn.shopify.com/s/files/1/0064/2560/8282/products/IMG_8289_1200x1200.jpg?v=1602996463,Add to cart,Default Title
106,Dangkeebs,https://dangkeebs.com/products/gateron-yellow-ink-v2,Gateron Yellow Ink V2,product,"Gateron Yellow Ink V2's are from Gateron's premium line of switches. They feature a unique housing material and coated spring.  These switches are highly regarded within the community, and arguably one of the smoothest linears. However, unlike their red, and black counterparts, these switches feature a shorter travel d",7.50,USD,http://cdn.shopify.com/s/files/1/0064/2560/8282/products/IMG_8275-3_1200x1200.jpg?v=1604938165,https://cdn.shopify.com/s/files/1/0064/2560/8282/products/IMG_8275-3_1200x1200.jpg?v=1604938165,Add to cart,Default Title
107,Dangkeebs,https://dangkeebs.com/products/gateron-red-ink-v2,Gateron Red Ink V2,product,"Gateron Red Ink V2's are from Gateron's premium line of switches. They feature a unique housing material and coated spring.  These switches are highly regarded within the community, and arguably one of the smoothest linears.    Switches are sold in packs of 10. Quantity 1 = 10 switches.  Specifications: Linear Top Hous",7.50,USD,http://cdn.shopify.com/s/files/1/0064/2560/8282/products/IMG_8253-2_1200x1200.jpg?v=1602996177,https://cdn.shopify.com/s/files/1/0064/2560/8282/products/IMG_8253-2_1200x1200.jpg?v=1602996177,Sold out,Default Title  - Sold out
108,Dangkeebs,https://dangkeebs.com/products/gateron-milky-blue,Gateron Milky Blue,product,Gateron Milky Blues incorporate a click jacket for an audible click when you actuate the switch. They also feature all of the community acclaimed properties of Gateron's milky housing. Switches are sold in packs of 10. Quantity 1 = 10 switches.  Specifications: Clicky Top Housing: Polycarbonate / Nylon Blend Bottom Hou,2.40,USD,http://cdn.shopify.com/s/files/1/0064/2560/8282/products/Gateron-Milky-Blue_1200x1200.png?v=1649028374,https://cdn.shopify.com/s/files/1/0064/2560/8282/products/Gateron-Milky-Blue_1200x1200.png?v=1649028374,Sold out,Default Title  - Sold out
109,Dangkeebs,https://dangkeebs.com/products/gateron-milky-brown,Gateron Milky Brown,product,Gateron Milky Browns are low tactility tactile switches. The stem incorporates a small tactile bump which allows for feedback as you type. They also feature all of the community acclaimed properties of Gateron Milky Switches. Switches are sold in packs of 10. Quantity 1 = 10 switches.  Specifications: Tactile Top Housi,2.40,USD,http://cdn.shopify.com/s/files/1/0064/2560/8282/products/Gateron-Brown_b5242f36-33b8-40df-aada-4fdc83fc6805_1200x1200.png?v=1645066117,https://cdn.shopify.com/s/files/1/0064/2560/8282/products/Gateron-Brown_b5242f36-33b8-40df-aada-4fdc83fc6805_1200x1200.png?v=1645066117,Add to cart,Default Title
110,Dangkeebs,https://dangkeebs.com/products/gateron-milky-red,Gateron Milky Red,product,"Gateron Milky Reds are excellent linear switches. They feature all of the community acclaimed properties of Gateron Milky Yellows with a slightly lighter spring weight. A little lube, and some films will make these perfect for any build.  Switches are sold in packs of 10. Quantity 1 = 10 switches.  Specifications: Line",2.40,USD,http://cdn.shopify.com/s/files/1/0064/2560/8282/products/IMG_8112_1200x1200.jpg?v=1602991682,https://cdn.shopify.com/s/files/1/0064/2560/8282/products/IMG_8112_1200x1200.jpg?v=1602991682,Sold out,Default Title  - Sold out
111,Dangkeebs,https://dangkeebs.com/products/gateron-milky-yellow,Gateron Milky Yellow,product,"Gateron Milky Yellows are extremely popular within the community for a reason. They're excellent linear switches, and extremely affordable. A little lube, and some films will make these perfect for any build.  Switches are sold in packs of 10. Quantity 1 = 10 switches.  Specifications: Linear Top Housing: Polycarbonate",2.40,USD,http://cdn.shopify.com/s/files/1/0064/2560/8282/products/IMG_8032-2_1200x1200.jpg?v=1602991099,https://cdn.shopify.com/s/files/1/0064/2560/8282/products/IMG_8032-2_1200x1200.jpg?v=1602991099,Add to cart,Default Title
112,Dangkeebs,https://dangkeebs.com/products/gateron-milky-black,Gateron Milky Black,product,"Gateron Milky Blacks are excellent linear switches. They feature all of the community acclaimed properties of Gateron Milky Yellows with a slightly heavier spring weight. A little lube, and some films will make these perfect for any build.  Switches are sold in packs of 10. Quantity 1 = 10 switches.  Specifications: Li",2.40,USD,http://cdn.shopify.com/s/files/1/0064/2560/8282/products/Gateron-Milky-Black_1200x1200.png?v=1644462189,https://cdn.shopify.com/s/files/1/0064/2560/8282/products/Gateron-Milky-Black_1200x1200.png?v=1644462189,Add to cart,Default Title
113,Dangkeebs,https://dangkeebs.com/products/gateron-blue,Gateron Blue,product,"Gateron Blues incorporate a click jacket for an audible click when you actuate the switch. They also feature all of the community acclaimed properties of Gateron's milky top, black bottom housings.  Switches are sold in packs of 10. Quantity 1 = 10 switches.  Specifications: Clicky 4.0mm travel 60g actuation Black bott",2.40,USD,http://cdn.shopify.com/s/files/1/0064/2560/8282/products/Gateron-Blue_1200x1200.png?v=1644462224,https://cdn.shopify.com/s/files/1/0064/2560/8282/products/Gateron-Blue_1200x1200.png?v=1644462224,Add to cart,Default Title
114,Dangkeebs,https://dangkeebs.com/products/gateron-brown,Gateron Brown,product,"Gateron Browns are low tactility tactile switches. The stem incorporates a small tactile bump which allows for feedback as you type. They also feature all of the community acclaimed properties of Gateron's milky top, black bottom switches.  Switches are sold in packs of 10. Quantity 1 = 10 switches.  Specifications: Ta",2.40,USD,http://cdn.shopify.com/s/files/1/0064/2560/8282/products/Gateron-Brown_1200x1200.png?v=1645066097,https://cdn.shopify.com/s/files/1/0064/2560/8282/products/Gateron-Brown_1200x1200.png?v=1645066097,Add to cart,Default Title
115,Dangkeebs,https://dangkeebs.com/products/gateron-red,Gateron Red,product,"Gateron Reds are excellent linear switches. They feature all of the community acclaimed properties of Gateron Yellows with a slightly lighter spring weight. A little lube, and some films will make these perfect for any build.  Switches are sold in packs of 10. Quantity 1 = 10 switches.  Specifications: Linear 4.0mm tra",2.40,USD,http://cdn.shopify.com/s/files/1/0064/2560/8282/products/IMG_8252_1200x1200.jpg?v=1602996019,https://cdn.shopify.com/s/files/1/0064/2560/8282/products/IMG_8252_1200x1200.jpg?v=1602996019,Add to cart,Default Title
116,Dangkeebs,https://dangkeebs.com/products/gateron-yellow,Gateron Yellow,product,"Gateron Yellows are extremely popular within the community for a reason. They're excellent linear switches, and extremely affordable. A little lube, and some films will make these perfect for any build.  Switches are sold in packs of 10. Quantity 1 = 10 switches.  Specifications: Linear 4.0mm travel 50g actuation Black",2.40,USD,http://cdn.shopify.com/s/files/1/0064/2560/8282/products/IMG_8232_1200x1200.jpg?v=1602995949,https://cdn.shopify.com/s/files/1/0064/2560/8282/products/IMG_8232_1200x1200.jpg?v=1602995949,Add to cart,Default Title
117,Dangkeebs,https://dangkeebs.com/products/gateron-black,Gateron Black,product,"Gateron Blacks are excellent linear switches. They feature all of the community acclaimed properties of Gateron Yellows with a slightly heavier spring weight. A little lube, and some films will make these perfect for any build.  Switches are sold in packs of 10. Quantity 1 = 10 switches.  Specifications: Linear 4.0mm t",2.40,USD,http://cdn.shopify.com/s/files/1/0064/2560/8282/products/IMG_8204-2_1200x1200.jpg?v=1602993583,https://cdn.shopify.com/s/files/1/0064/2560/8282/products/IMG_8204-2_1200x1200.jpg?v=1602993583,Add to cart,Default Title
118,Dangkeebs,https://dangkeebs.com/products/ttc-golden-blue,TTC Golden Blue,product,"TTC Golden Blue's feature TTC's highly stable click jacket, a gold plated spring, and a silicone dampener located in the stem pole cavity to help reduce the bottom-out noise.  Switches are sold in packs of 10. Quantity 1 = 10 switches.  Specifications: Clicky  4mm travel 37g actuation Gold plated spring Silicone dampen",6.00,USD,http://cdn.shopify.com/s/files/1/0064/2560/8282/products/TTC-Golden-Blue-remeasured_1200x1200.png?v=1644186951,https://cdn.shopify.com/s/files/1/0064/2560/8282/products/TTC-Golden-Blue-remeasured_1200x1200.png?v=1644186951,Add to cart,Default Title
119,Dangkeebs,https://dangkeebs.com/products/ttc-golden-brown,TTC Golden Brown,product,TTC Golden Brown's are a light tactile with slightly more tactility than a traditional brown switch.  Switches are sold in packs of 10. Quantity 1 = 10 switches.  Specifications: Tactile 4mm travel 55g actuation / 63g bottom out Lightly lubed 3 Pin,5.00,USD,http://cdn.shopify.com/s/files/1/0064/2560/8282/products/TTC-Golden-Brown_1200x1200.png?v=1649028481,https://cdn.shopify.com/s/files/1/0064/2560/8282/products/TTC-Golden-Brown_1200x1200.png?v=1649028481,Add to cart,Default Title
120,Dangkeebs,https://dangkeebs.com/products/ttc-watermelon-milkshake,TTC Watermelon Milkshake,product,"TTC Watermelon Milkshake's are bold switches featuring moderate, slightly sharp tactility, and a gold plated spring. The tactility is slightly more than a MX brown, but slightly less than a MX clear.  Switches are sold in packs of 10. Quantity 1 = 10 switches.  Specifications: Tactile 4mm travel 45g actuation / 63g bot",5.50,USD,http://cdn.shopify.com/s/files/1/0064/2560/8282/products/TTC-Watermelon-Milkshake_1200x1200.png?v=1644186964,https://cdn.shopify.com/s/files/1/0064/2560/8282/products/TTC-Watermelon-Milkshake_1200x1200.png?v=1644186964,Sold out,Default Title  - Sold out
121,Dangkeebs,https://dangkeebs.com/products/ttc-bluish-white,TTC Bluish White,product,"TTC Bluish Whites are a unique tactile switch featuring a double coil long spring, mute bottom, and dust proof stem. The double coil spring allows for a very satisfying, snappy typing experience. While the silicone dampener located in the stem pole cavity helps reduce the bottom-out noise. The dust proof stem assures p",5.00,USD,http://cdn.shopify.com/s/files/1/0064/2560/8282/products/TTC-Bluish-White_1200x1200.png?v=1649028468,https://cdn.shopify.com/s/files/1/0064/2560/8282/products/TTC-Bluish-White_1200x1200.png?v=1649028468,Add to cart,Default Title
122,Dangkeebs,https://dangkeebs.com/products/cherry-brown,Cherry - Brown,product,Switches are sold in packs of 10. Quantity 1 = 10 switches.  Specifications: Tactile 4.0mm travel 45g actuation PCB mount (5-pin) UNLUBED  ,4.00,USD,http://cdn.shopify.com/s/files/1/0064/2560/8282/products/IMG_0835_1200x1200.jpg?v=1619243406,https://cdn.shopify.com/s/files/1/0064/2560/8282/products/IMG_0835_1200x1200.jpg?v=1619243406,Sold out,Default Title  - Sold out
123,Dangkeebs,https://dangkeebs.com/products/cherry-hyperglide-brown,Cherry Hyperglide - Brown,product,"Hyperglide Cherry Browns were announced during CES 2020. These switches feature Cherry's new 'Hyperglide' tooling. The result of this new tooling is increased smoothness, tighter tolerances, and an increased service life of &gt;100million actuations. Switches are sold in packs of 10. Quantity 1 = 10 switches.  Specific",4.50,USD,http://cdn.shopify.com/s/files/1/0064/2560/8282/products/Cherry-MX-Hyperglide-Brown_1200x1200.png?v=1644462264,https://cdn.shopify.com/s/files/1/0064/2560/8282/products/Cherry-MX-Hyperglide-Brown_1200x1200.png?v=1644462264,Sold out,Default Title  - Sold out
124,Dangkeebs,https://dangkeebs.com/products/cherry-red,Cherry - Red,product,Switches are sold in packs of 10. Quantity 1 = 10 switches.  Specifications: Linear 4.0mm travel 45g actuation PCB mount (5-pin) UNLUBED  ,4.00,USD,http://cdn.shopify.com/s/files/1/0064/2560/8282/products/IMG_0874_1200x1200.jpg?v=1619243290,https://cdn.shopify.com/s/files/1/0064/2560/8282/products/IMG_0874_1200x1200.jpg?v=1619243290,Sold out,Default Title  - Sold out
125,Dangkeebs,https://dangkeebs.com/products/cherry-hyperglide-red,Cherry Hyperglide - Red,product,"Hyperglide Cherry Reds were announced during CES 2020. These switches feature Cherry's new 'Hyperglide' tooling. The result of this new tooling is increased smoothness, tighter tolerances, and an increased service life of &gt;100million actuations. Switches are sold in packs of 10. Quantity 1 = 10 switches.  Specificat",4.50,USD,http://cdn.shopify.com/s/files/1/0064/2560/8282/products/IMG_0874_1ab85c68-ca45-4022-8e84-f28b17cfcb76_1200x1200.jpg?v=1620788646,https://cdn.shopify.com/s/files/1/0064/2560/8282/products/IMG_0874_1ab85c68-ca45-4022-8e84-f28b17cfcb76_1200x1200.jpg?v=1620788646,Add to cart,Default Title
126,Dangkeebs,https://dangkeebs.com/products/cherry-hyperglide-black,Cherry Hyperglide - Black,product,"Hyperglide Cherry Blacks were announced during CES 2020. These switches feature Cherry's new 'Hyperglide' tooling. The result of this new tooling is increased smoothness, tighter tolerances, and an increased service life of &gt;100million actuations.   Switches are sold in packs of 10. Quantity 1 = 10 switches.  Specif",4.50,USD,http://cdn.shopify.com/s/files/1/0064/2560/8282/products/IMG_0514-3_1200x1200.jpg?v=1619243629,https://cdn.shopify.com/s/files/1/0064/2560/8282/products/IMG_0514-3_1200x1200.jpg?v=1619243629,Add to cart,Default Title
127,Dangkeebs,https://dangkeebs.com/products/twilight,Twilight,product,"Twilights are not a JWK recolor. It was born out of a JWK frankenswitch combo that Pylon and brainandforce discovered independently while experimenting: combining the MX Clear-like stem from a Durock Medium Tactile switch with the tactile leaf of the Durock T1 housing. The result is a sharp, punchy, tactile switch, wit",5.50,USD,http://cdn.shopify.com/s/files/1/0064/2560/8282/products/Force-curve-5-6_1200x1200.png?v=1626827599,https://cdn.shopify.com/s/files/1/0064/2560/8282/products/Force-curve-5-6_1200x1200.png?v=1626827599,Sold out,Default Title  - Sold out
128,Dangkeebs,https://dangkeebs.com/products/durock-light-tactile-67g,Durock Light Tactile - 67g,product,"Durock Light Tactile's feature a baby tactile bump, burgundy stem, and smoky housing. They're similar to Cherry MX Browns, but with a Durock twist. Switches are sold in packs of 10. Quantity 1 = 10 switches.  Specifications: Tactile 4.0mm travel Stem: POM  Top Housing: Polycarbonate Bottom Housing: Nylon Spring: Gold p",5.50,USD,http://cdn.shopify.com/s/files/1/0064/2560/8282/products/IMG_0940-2_1200x1200.jpg?v=1619669330,https://cdn.shopify.com/s/files/1/0064/2560/8282/products/IMG_0940-2_1200x1200.jpg?v=1619669330,Add to cart,Default Title
129,Dangkeebs,https://dangkeebs.com/products/durock-medium-tactile-65g,Durock Medium Tactile - 65g,product,Switches are sold in packs of 10. Quantity 1 = 10 switches.  Specifications: Tactile 4.0mm travel Stem: POM  Top Housing: Polycarbonate Bottom Housing: Nylon Spring: Gold plated 65g (bottom out) PCB mount (5 pin) Lightly pre-lubed,5.50,USD,http://cdn.shopify.com/s/files/1/0064/2560/8282/products/Durock-Medium-Tactile_1200x1200.png?v=1649037313,https://cdn.shopify.com/s/files/1/0064/2560/8282/products/Durock-Medium-Tactile_1200x1200.png?v=1649037313,Add to cart,Default Title
130,Dangkeebs,https://dangkeebs.com/products/durock-koala,Durock Koala,product,Switches are sold in packs of 10. Quantity 1 = 10 switches.  Specifications: Tactile 4.0mm travel Stem: POM  Top Housing: Polycarbonate Bottom Housing: Nylon Spring: Gold plated 67g (bottom out) PCB mount (5 pin) Lightly pre-lubed,5.50,USD,http://cdn.shopify.com/s/files/1/0064/2560/8282/products/Durock-Koala_1200x1200.png?v=1649028326,https://cdn.shopify.com/s/files/1/0064/2560/8282/products/Durock-Koala_1200x1200.png?v=1649028326,Add to cart,Default Title
131,Dangkeebs,https://dangkeebs.com/products/durock-t1,Durock T1,product,Switches are sold in packs of 10. Quantity 1 = 10 switches.  Specifications: Tactile 4.0mm travel Stem: POM  Top Housing: Polycarbonate Bottom Housing: Nylon Spring: Gold plated 67g (bottom out) PCB mount (5 pin) Lightly pre-lubed,5.50,USD,http://cdn.shopify.com/s/files/1/0064/2560/8282/products/IMG_0376_1200x1200.jpg?v=1614999771,https://cdn.shopify.com/s/files/1/0064/2560/8282/products/IMG_0376_1200x1200.jpg?v=1614999771,Add to cart,Default Title
132,Dangkeebs,https://dangkeebs.com/products/durock-pom-t1-67g,Durock Pom T1 - 67g,product,Durock POM T1's utilize a proprietary POM blend in both the housing and stem of the switch. This unique material provides deeper acoustic properties without sacrificing the smooth feel of Durock switches.    Switches are sold in packs of 10. Quantity 1 = 10 switches.  Specifications: Tactile 4.0mm travel Stem: POM blen,7.00,USD,http://cdn.shopify.com/s/files/1/0064/2560/8282/products/Durock-POM-T1-67g_1200x1200.png?v=1649028339,https://cdn.shopify.com/s/files/1/0064/2560/8282/products/Durock-POM-T1-67g_1200x1200.png?v=1649028339,Add to cart,Default Title
133,Dangkeebs,https://dangkeebs.com/products/durock-silent-t1,Durock Silent T1 (Shrimp),product,"Durock Silent T1's are the silent version of Durock's popular T1 switch. They feature a turquoise housing, white stem, and silencing ring to mitigate sound. Switches are sold in packs of 10. Quantity 1 = 10 switches.  Specifications: Silent Tactile 4.0mm travel Stem: POM with silencing ring Top Housing: Polycarbonate B",7.00,USD,http://cdn.shopify.com/s/files/1/0064/2560/8282/products/Durock-Shrimp_1200x1200.png?v=1644186844,https://cdn.shopify.com/s/files/1/0064/2560/8282/products/Durock-Shrimp_1200x1200.png?v=1644186844,Sold out,Default Title  - Sold out
134,Dangkeebs,https://dangkeebs.com/products/durock-linear-55g,Durock Linear - 55g,product,Switches are sold in packs of 10. Quantity 1 = 10 switches.  Specifications: Linear 4.0mm travel Stem: POM  Top Housing: Polycarbonate Bottom Housing: Nylon Spring: Gold plated 55g (bottom out) PCB mount (5 pin) Lightly pre-lubed,5.50,USD,http://cdn.shopify.com/s/files/1/0064/2560/8282/products/IMG_0335_1200x1200.jpg?v=1614998192,https://cdn.shopify.com/s/files/1/0064/2560/8282/products/IMG_0335_1200x1200.jpg?v=1614998192,Add to cart,Default Title
135,Dangkeebs,https://dangkeebs.com/products/durock-linear-62g,Durock Linear - 62g,product,Switches are sold in packs of 10. Quantity 1 = 10 switches.  Specifications: Linear 4.0mm travel Stem: POM  Top Housing: Polycarbonate Bottom Housing: Nylon Spring: Gold plated 62g (bottom out) PCB mount (5 pin) Lightly pre-lubed,5.50,USD,http://cdn.shopify.com/s/files/1/0064/2560/8282/products/IMG_0343_1200x1200.jpg?v=1614998742,https://cdn.shopify.com/s/files/1/0064/2560/8282/products/IMG_0343_1200x1200.jpg?v=1614998742,Add to cart,Default Title
136,Dangkeebs,https://dangkeebs.com/products/durock-linear-65g,Durock Linear - 65g,product,Switches are sold in packs of 10. Quantity 1 = 10 switches.  Specifications: Linear 4.0mm travel Stem: POM  Top Housing: Polycarbonate Bottom Housing: Nylon Spring: Gold plated 65g (bottom out) PCB mount (5 pin) Lightly pre-lubed,5.50,USD,http://cdn.shopify.com/s/files/1/0064/2560/8282/products/IMG_0351_1200x1200.jpg?v=1614998789,https://cdn.shopify.com/s/files/1/0064/2560/8282/products/IMG_0351_1200x1200.jpg?v=1614998789,Add to cart,Default Title
137,Dangkeebs,https://dangkeebs.com/products/durock-linear-67g,Durock Linear - 67g,product,Switches are sold in packs of 10. Quantity 1 = 10 switches.  Specifications: Linear 4.0mm travel Stem: POM  Top Housing: Polycarbonate Bottom Housing: Nylon Spring: Gold plated 67g (bottom out) PCB mount (5 pin) Lightly pre-lubed,5.50,USD,http://cdn.shopify.com/s/files/1/0064/2560/8282/products/IMG_0363-2_1200x1200.jpg?v=1614998815,https://cdn.shopify.com/s/files/1/0064/2560/8282/products/IMG_0363-2_1200x1200.jpg?v=1614998815,Add to cart,Default Title
138,Dangkeebs,https://dangkeebs.com/products/durock-linear-78g,Durock Linear - 78g,product,Switches are sold in packs of 10. Quantity 1 = 10 switches.  Specifications: Linear 4.0mm travel Stem: POM  Top Housing: Polycarbonate Bottom Housing: Nylon Spring: Gold plated 78g (bottom out) PCB mount (5 pin) Lightly pre-lubed,5.50,USD,http://cdn.shopify.com/s/files/1/0064/2560/8282/products/IMG_0370-3_1200x1200.jpg?v=1614998855,https://cdn.shopify.com/s/files/1/0064/2560/8282/products/IMG_0370-3_1200x1200.jpg?v=1614998855,Add to cart,Default Title
139,Dangkeebs,https://dangkeebs.com/products/durock-pom-linear-63-5g,Durock Pom Linear - 63.5g,product,Durock POM Linears utilize a proprietary POM blend in both the housing and stem of the switch. This unique material provides deeper acoustic properties without sacrificing the smooth feel of Durock switches.    Switches are sold in packs of 10. Quantity 1 = 10 switches.  Specifications: Linear 4.0mm travel Stem: POM bl,7.00,USD,http://cdn.shopify.com/s/files/1/0064/2560/8282/products/IMG_9825-3_1200x1200.jpg?v=1612226793,https://cdn.shopify.com/s/files/1/0064/2560/8282/products/IMG_9825-3_1200x1200.jpg?v=1612226793,Sold out,Default Title  - Sold out
140,Dangkeebs,https://dangkeebs.com/products/durock-lupine,Durock Lupine,product,"Durock Lupines are a new linear mold from Durock. They feature a box style stem, kailh-style latches, and gold plated dual stage spring.    Switches are sold in packs of 10. Quantity 1 = 10 switches.  Specifications: Linear 4.0mm travel Stem: POM Top Housing: Polycarbonate Bottom Housing: Nylon Spring: Gold plated 62g ",7.00,USD,http://cdn.shopify.com/s/files/1/0064/2560/8282/products/Durock-Lupine_1200x1200.png?v=1645066053,https://cdn.shopify.com/s/files/1/0064/2560/8282/products/Durock-Lupine_1200x1200.png?v=1645066053,Add to cart,Default Title
141,Dangkeebs,https://dangkeebs.com/products/durock-daybreak,Durock Daybreak,product,Switches are sold in packs of 10. Quantity 1 = 10 switches.  Specifications: Silent Linear 4.0mm travel Stem: POM  Top Housing: Polycarbonate Bottom Housing: Nylon Spring: Gold plated 67g (bottom out) PCB mount (5 pin) Lightly pre-lubed,8.00,USD,http://cdn.shopify.com/s/files/1/0064/2560/8282/products/IMG_0319_1200x1200.jpg?v=1614999523,https://cdn.shopify.com/s/files/1/0064/2560/8282/products/IMG_0319_1200x1200.jpg?v=1614999523,Add to cart,Default Title
142,Dangkeebs,https://dangkeebs.com/products/durock-dolphin,Durock Dolphin,product,Switches are sold in packs of 10. Quantity 1 = 10 switches.  Specifications: Silent Linear 4.0mm travel Stem: POM  Top Housing: Polycarbonate Bottom Housing: Nylon Spring: Gold plated 62g (bottom out) PCB mount (5 pin) Lightly pre-lubed,7.00,USD,http://cdn.shopify.com/s/files/1/0064/2560/8282/products/IMG_0326-2_1200x1200.jpg?v=1615000620,https://cdn.shopify.com/s/files/1/0064/2560/8282/products/IMG_0326-2_1200x1200.jpg?v=1615000620,Add to cart,Default Title
143,Dangkeebs,https://dangkeebs.com/products/zealpc-tealios-v2-67g,ZealPC Tealios V2 - 67g,product,Switches are sold in packs of 10. Quantity 1 = 10 switches.  Specifications: Linear 67g bottom out Clear housing 5 pin  UNLUBED from factory,11.00,USD,http://cdn.shopify.com/s/files/1/0064/2560/8282/products/IMG_9185-2_1200x1200.jpg?v=1606785179,https://cdn.shopify.com/s/files/1/0064/2560/8282/products/IMG_9185-2_1200x1200.jpg?v=1606785179,Sold out,Default Title  - Sold out
144,Dangkeebs,https://dangkeebs.com/products/zealpc-zealios-62g,ZealPC Zealios V2 - 62g,product,Switches are sold in packs of 10. Quantity 1 = 10 switches.  Specifications: Tactile 62g bottom out Clear housing 5 pin  UNLUBED from factory,11.00,USD,http://cdn.shopify.com/s/files/1/0064/2560/8282/products/ZealPCZealiosV262g_1200x1200.png?v=1649028498,https://cdn.shopify.com/s/files/1/0064/2560/8282/products/ZealPCZealiosV262g_1200x1200.png?v=1649028498,Add to cart,Default Title
145,Dangkeebs,https://dangkeebs.com/products/zealpc-zealios-65g,ZealPC Zealios V2 - 65g,product,Switches are sold in packs of 10. Quantity 1 = 10 switches.  Specifications: Tactile 65g bottom out Clear housing 5 pin  UNLUBED from factory,11.00,USD,http://cdn.shopify.com/s/files/1/0064/2560/8282/products/ZealPCZealiosV265g_1200x1200.png?v=1649028514,https://cdn.shopify.com/s/files/1/0064/2560/8282/products/ZealPCZealiosV265g_1200x1200.png?v=1649028514,Add to cart,Default Title
146,Dangkeebs,https://dangkeebs.com/products/zealpc-zealios-v2-67g,ZealPC Zealios V2 - 67g,product,Switches are sold in packs of 10. Quantity 1 = 10 switches.  Specifications: Tactile 67g bottom out Clear housing 5 pin ,11.00,USD,http://cdn.shopify.com/s/files/1/0064/2560/8282/products/ZealPCZealiosV267g_1200x1200.png?v=1649028558,https://cdn.shopify.com/s/files/1/0064/2560/8282/products/ZealPCZealiosV267g_1200x1200.png?v=1649028558,Sold out,Default Title  - Sold out
147,Dangkeebs,https://dangkeebs.com/products/pom-glacier-panda,POM Glacier Panda,product,"One of BSUN's newest developments, the POM Glacier Panda features a POM housing. With its famous housing and smooth ""V2"" stem (found in our Dusk Pandas), the POM Glacier Panda is the perfect combination for just about all uses. Use it stock or combine it with a Halo stem to create a unique-sounding Holy Panda!Switches ",6.50,USD,http://cdn.shopify.com/s/files/1/0064/2560/8282/products/POM-Glacier-Panda_1200x1200.png?v=1644462096,https://cdn.shopify.com/s/files/1/0064/2560/8282/products/POM-Glacier-Panda_1200x1200.png?v=1644462096,Sold out,Default Title  - Sold out
148,Dangkeebs,https://dangkeebs.com/products/ethereal-panda,Ethereal Panda,product,"Ethereal Pandas are designed by AlphaKeys, and manufactured by SOC.Switches are sold in packs of 10. Quantity 1 = 10 switches.  Specifications: Tactile Top Housing: Polycarbonate Bottom Housing: Nylon Stem: POM Halo style stem 68g spring Original BSUN panda housing 5 pin (PCB Mount) UNLUBED from factory To maintain exc",8.00,USD,http://cdn.shopify.com/s/files/1/0064/2560/8282/products/IMG_0109-4_1200x1200.jpg?v=1614126171,https://cdn.shopify.com/s/files/1/0064/2560/8282/products/IMG_0109-4_1200x1200.jpg?v=1614126171,Sold out,Default Title  - Sold out
149,Dangkeebs,https://dangkeebs.com/products/dusk-panda-linear,Dusk Panda - Linear,product,Switches are sold in packs of 10. Quantity 1 = 10 switches.  Specifications: Linear Top Housing: Polycarbonate Bottom Housing: Polycarbonate Stem: Panda V2 POM stem  62g spring 5 pin (PCB Mount) UNLUBED from factory Designed by AlphaKeys,6.00,USD,http://cdn.shopify.com/s/files/1/0064/2560/8282/products/IMG_0170-2_1200x1200.jpg?v=1614125903,https://cdn.shopify.com/s/files/1/0064/2560/8282/products/IMG_0170-2_1200x1200.jpg?v=1614125903,Sold out,Default Title  - Sold out
150,Dangkeebs,https://dangkeebs.com/products/dusk-panda-tactile,Dusk Panda - Tactile,product,"Switches are sold in packs of 10. Quantity 1 = 10 switches.  Specifications: Tactile Top Housing: Polycarbonate Bottom Housing: Polycarbonate Stem: Custom POM stem (Not a Halo or YOK Purple stem, similar to a T1 stem) 67g spring 5 pin (PCB Mount) UNLUBED from factory Designed by AlphaKeys",6.00,USD,http://cdn.shopify.com/s/files/1/0064/2560/8282/products/IMG_0142-4_1200x1200.jpg?v=1614125864,https://cdn.shopify.com/s/files/1/0064/2560/8282/products/IMG_0142-4_1200x1200.jpg?v=1614125864,Sold out,Default Title  - Sold out
